,Stock_Symbols,Class,returnOnEquity,EPS,priceToSalesRatio,PB ratio,Price to Sales Ratio,Market Cap,PE ratio,POCF ratio,ROIC,longtermDebtToCapitalization,Dividend Yield,debtEquityRatio,returnOnAssets,Debt to Assets,10Y Net Income Growth (per Share),10Y Revenue Growth (per Share),10Y Shareholders Equity Growth (per Share),10Y Operating CF Growth (per Share)
0,CMCSA,1.0,0.1116,2.56,3.0003,3.0391,3.0003,212264774961.6,31.296,6.3757,0.0887,0.24626923876872,0.0269,0.5277,0.3606,0.2407,-0.0068,0.0138,0.1211,0.0528
2,INTC,1.0,0.3193,4.57,0.3156,3.3579,0.3156,34235483913.28,20.023,7.2774,0.097,0.5873918567366401,0.0256,1.7711,0.112,0.3563,0.0,0.1117,0.0842,0.1289
3,MU,1.0,36.9667,12.27,0.302,0.0,0.302,8011704729.6,3.7604,3.5168,0.0283,0.92297656979015,0.0,12.0292,0.551,0.6202,0.1397,-0.0177,-0.2108,0.0202
4,GE,1.0,0.2444,-2.62,1.9032,5.1004,1.9032,33553903735.82,27.8663,14.9109,0.0994,0.58873530810234,0.0508,1.7101,0.4736,0.3883,0.0202,0.0682,0.0088,0.0603
6,AAPL,1.0,0.2877,12.01,4.218,6.0879,4.218,186832402301.76,25.4201,14.1753,0.0995,0.56277253251431,0.012,1.982,0.3861,0.5238,0.0519,0.0774,0.0556,0.0485
7,MSFT,1.0,0.201,2.15,0.5688,3.1721,0.5688,276259605900.45,16.9053,17.5097,0.1166,0.35343886462882,0.0165,0.6212,0.1427,0.2507,0.0771,0.0846,0.0807,0.0702
8,SIRI,1.0,0.2594,0.26,2.4044,2.1993,2.4044,71258269982.56,9.9866,13.4873,0.0323,0.34439001511283,0.0079,0.6836,1.1358,0.2795,0.1132,-0.0084,0.0002,-0.0206
9,HPQ,1.0,1.8198,3.3,4.4873,32.3094,4.4873,114131150260.61,21.8015,8.4363,0.1613,0.52084349555364,0.0231,1.087,-29.6102,0.3022,-0.0609,-0.0823,-0.2179,-0.1127
14,SNAP,1.0,-5.8218,-0.97,2.4856,5.6125,2.4856,46209188520.3,45.7914,-10.3417,0.0063,0.49872127280839,0.0,1.0479,0.1639,0.3515,-0.0183,0.0417,0.0,0.0643
15,FB,1.0,0.4823,7.65,1.9165,59.0308,1.9165,15488771618.16,23.4178,12.8689,0.2417,1.0160959444532,0.0,-74.2353,0.4076,0.5186,0.0213,0.0412,0.0361,0.0483
16,WFC,1.0,-0.1169,4.31,0.6513,8.2107,0.6513,47294605586.25,0.0,6.0131,0.0968,0.6027611357124301,0.0356,2.3167,-0.0588,0.4508,0.0,0.0824,0.0434,0.0482
17,AIG,1.0,0.1716,-0.01,1.9308,2.1589,1.9308,17886631290.36,26.0077,571.5409,0.1257,0.4796803469600801,0.0325,0.9848,0.3687,0.3169,0.1091,0.0599,0.1009,0.0652
18,T,1.0,0.2266,2.85,1.5648,3.8401,1.5648,22814478092.7,36.5114,4.7639,0.16399999999999998,0.053214065712134,0.0701,0.0562,0.2302,0.0392,-0.019,0.0584,0.0369,0.1274
19,C,1.0,-0.0558,6.69,1.4299,1.967,1.4299,12917904901.704,0.0,3.4406,0.0812,0.7781133828996301,0.0296,4.0665,-0.0872,0.514,0.0,-0.0038,0.0123,0.0023
20,VALE,1.0,0.4518,1.32,2.3261,8.2378,2.3261,146675736228.36,27.1375,5.2408,0.024,0.5679348458406099,0.0416,1.4688,0.2504,0.4074,0.0421,0.0814,-0.0049,0.0345
21,MS,1.0,0.2239,4.81,0.5297,4.3273,0.5297,61550246222.8,25.8872,9.3366,0.1419,0.7276931644833999,0.0277,3.2852,0.152,0.5027,0.092,0.09,0.0257,0.0718
24,ORCL,1.0,0.0487,0.87,2.0722,1.9931,2.0722,11796318737.28,34.8108,12.3961,0.2199,0.0,0.0163,0.0,0.1307,0.0,0.0437,0.048,0.0918,0.2375
25,NKE,1.0,-4.6288,1.19,3.7266,55.0739,3.7266,59752947437.34,43.5425,23.3551,0.0479,0.42338228639599,0.0106,0.7748,0.2979,0.3397,0.017,0.0498,0.0,0.1359
26,PG,1.0,0.1032,3.75,0.3233,1.7139,0.3233,21888418981.8,12.2676,13.2149,0.3407,1.038712760873,0.0357,-26.8848,0.1017,0.5389,0.0648,0.0714,0.0844,0.0715
29,PFE,0.0,0.1306,1.9,0.4579,4.1708,0.4579,22289844212.46,32.3621,15.9422,0.0676,0.49932036621299,0.0312,1.0573,0.113,0.4114,-0.0266,0.0557,0.0738,0.0094
32,TWTR,1.0,0.1228,1.6,0.2238,2.5187,0.2238,9727077031.68,13.284,16.3306,0.126,0.25957399019204,0.0,0.5664,0.0952,0.2573,0.0157,0.0339,0.0179,0.1347
33,AVGO,1.0,0.1247,29.33,3.1373,1.6658,3.1373,2241997590.89,28.5933,10.2472,0.0602,0.30049936355625,0.0318,0.6708,0.6723,0.2497,0.1499,0.027000000000000003,-0.0141,0.0
34,AMAT,1.0,0.1447,3.27,0.4759,3.0897,0.4759,2463616553.09,22.1587,8.0778,0.0578,0.6858871265527099,0.0193,2.1836,0.1188,0.5512,0.2609,0.1017,0.0448,0.1174
35,ZNGA,1.0,0.1454,0.02,3.7225,7.277,3.7225,22438994828.64,26.3591,20.1331,0.1623,0.07958915134713901,0.0,0.0865,0.1881,0.038,0.13,0.0513,0.0879,0.1397
36,XOM,1.0,1.0734,4.88,0.2862,14.0785,0.2862,1763363439.0,0.0,8.0164,0.0701,0.5095919496404,0.0474,1.232,-1.2585,0.4763,0.0,-0.0209,0.0,0.1379
39,CSCO,1.0,0.2989,0.02,3.0419,7.3761,3.0419,32792003697.46,30.1951,14.512,0.1122,1.8250632418759,0.0294,-2.2334,0.3073,0.5539999999999999,0.1229,0.0739,0.0984,-0.2255
42,V,1.0,0.5131,4.43,0.6568,5.5159,0.6568,5748421265.88,9.012,23.7033,0.1838,0.34841298796059994,0.0055,0.6277,0.2849,0.2431,-0.0455,-0.0881,-0.1243,0.1135
46,RF,1.0,-0.0156,1.55,0.1929,17.5654,0.1929,1566779324.25,0.0,6.0805,0.1396,0.40187980140381,0.0344,0.6795,-0.0057,0.2811,0.0,-0.0455,-0.1384,0.2127
47,KR,1.0,-6.3383,2.11,1.1102,2.3476,1.1102,4961702678.24,13.0462,7.352,0.0498,0.6215726516276999,0.0172,1.6669999999999998,0.3849,0.462,0.1978,0.1689,0.0,0.1157
53,FCX,1.0,0.2255,1.79,1.3214,5.2753,1.3214,432892087.2,17.5338,3.8673,0.0382,0.61496653713299,0.0145,1.7206,0.1911,0.4784,0.1984,0.0107,-0.0105,0.016
56,SQ,1.0,0.2163,-0.09,2.5608,3.2657,2.5608,11001788359.2,27.3631,78.5993,0.1067,0.43165041556245,0.0,0.7737,0.495,0.3075,0.0672,0.0565,0.0823,0.1517
58,SWN,0.0,0.0955,0.93,2.5893,3.6975,2.5893,6757139712.68,40.6543,1.6207,0.0,0.0,0.0,0.0,0.1851,0.0,0.1725,0.1166,0.0888,0.2971
59,LOW,1.0,0.514,4.09,2.62,4.7572,2.62,19353136462.68,40.7626,16.628,0.0916,0.3922064777327899,0.0156,0.6535,0.2741,0.2807,0.0158,0.0549,0.009000000000000001,0.2066
60,RAD,1.0,0.1212,17.98,1.8314,2.2493,1.8314,1553027391.18,38.0789,7.8156,0.1149,0.39151591694216,0.0,0.8835,0.1861,0.3122,0.2036,0.0157,0.0652,0.0824
71,MAT,1.0,0.0619,-1.55,1.0545,2.1577,1.0545,3381257630.3,29.3858,-126.2238,0.2178,0.85762224352828,0.0,7.7845,0.1032,0.5126,0.2168,0.125,0.0999,0.0565
75,IBN,1.0,0.1875,0.3693,1.2199,4.477,1.2199,6856872800.0,17.0534,5.2515,-0.0102,0.52118360398615,0.0001,1.115,0.1257,0.4264,0.1664,0.0953,0.0649,0.162
81,AABA,1.0,-0.1477,-16.76,2.0961,8.2807,2.0961,5074971729.6,0.0,43.1825,0.1767,0.0,0.0,0.0,-0.1874,0.0,0.0,-0.0079,0.1604,0.0
82,SRC,1.0,0.1328,1.4,0.0053,0.9415,0.0053,4582450000.0,23.4746,8.9806,0.0829,0.50119876030642,0.2109,1.2789,0.0007,0.3829,0.126,0.1308,0.1487,0.0987
83,COP,1.0,0.2292,5.36,1.7619,1.0648,1.7619,2776951942.76,17.1015,5.5497,0.0629,0.27909128260212,0.0186,0.3949,0.209,0.2104,0.0,0.1532,0.1905,0.2558
85,DIS,1.0,0.0,8.4,1.1861,4.9101,1.1861,1161680000.0,6.2638,12.0935,0.2106,0.07927626020168901,0.0145,0.127,0.0,0.0899,-1.0,0.4337,0.3067,0.3048
87,CVX,1.0,0.0841,7.81,0.4695,8.8149,0.4695,1066696524.36,10.8915,6.7892,0.1032,0.098677936726247,0.0412,0.1714,0.0701,0.0986,0.0285,0.0422,0.0628,0.0629
88,PYPL,1.0,0.1611,1.74,0.965,2.0353,0.965,2168481301.74,16.5459,18.0719,0.4516,0.010005137773451,0.0,0.0279,0.1766,0.023,0.0806,0.0868,0.1089,0.3358
93,MDLZ,1.0,0.145,2.3,1.5365,1.7295,1.5365,2220515376.05,17.0174,14.7409,0.0671,0.20665297133067,0.024,0.3073,0.3058,0.1948,0.0596,0.0996,0.0838,0.1286
95,GFI,1.0,0.0471,-0.42,0.5478,4.9114,0.5478,496517228.34,46.9583,4.9033,0.0681,0.11450457128737,0.0159,0.1296,0.0466,0.0876,-0.1693,-0.0048,0.0054,0.3135
97,SCHW,1.0,0.0883,2.47,1.0002,1.5211,1.0002,1910325600.0,13.8157,4.5026,0.1526,0.10334549818511,0.0111,0.16399999999999998,0.1785,0.0954,0.2399,0.1046,0.1306,0.1807
99,SRCI,0.0,0.0633,1.07,0.4706,3.8352,0.4706,776862268.2,23.6061,2.1879,0.0467,0.7351601423487499,0.0,2.8104,0.05,0.4985,-0.0265,0.0439,0.0173,-0.0009
102,JNJ,1.0,0.175,5.7,2.2502,12.1587,2.2502,2485383450.0,24.422,15.4737,0.1705,0.0020648310550591,0.0274,0.0911,0.2377,0.0597,0.0339,0.0321,0.0236,0.2065
103,WDC,1.0,0.2134,2.27,2.7432,1.624,2.7432,2633292155.62,27.3284,5.5088,0.0067,0.0,0.0258,0.0,0.1884,0.0,0.2115,0.158,0.1917,-0.1432
105,STI,1.0,0.2802,5.79,1.526,1.6621,1.526,662953881.24,15.9048,8.8213,0.0691,0.0,0.0357,0.0,0.2635,0.0,0.013,0.1041,0.0255,0.1113
106,ON,1.0,0.1187,1.48,0.8721,2.6630000000000003,0.8721,427581567.18,22.8273,5.454,-0.1515,0.23999888737448,0.0,0.3225,0.4035,0.1483,0.1071,0.1148,0.0595,-0.1549
107,ITUB,0.0,0.1367,0.6598,0.9232,1.9123,0.9232,302715675.51,9.5928,7.4365,0.0926,0.41654111540166,0.0112,0.7148,0.171,0.3348,0.0,0.1885,0.2293,0.0823
108,BK,1.0,0.0977,4.06,0.9634,1.4467,0.9634,2913940000.0,24.7078,7.7621,0.0481,0.33385603212701,0.0221,0.5223,0.0404,0.2233,0.1188,0.1504,0.1572,0.0576
114,DAL,1.0,0.0947,5.69,3.582,1.5419999999999998,3.582,1934656495.2428,29.2013,4.8777,0.0573,0.065048557402255,0.0263,0.0696,0.1626,0.045,-0.0086,0.0166,0.0194,0.0419
116,CCL,1.0,-0.0171,4.45,0.2109,1.6148,0.2109,885640000.0,0.0,7.879,0.0913,0.14322543683758,0.0323,0.3445,-0.0126,0.1828,0.0,0.1003,0.1448,0.0097
118,PBR,1.0,-0.0955,1.1,0.7627,0.0,0.7627,1459945747.2,26.0187,1.837,0.0674,0.42856942345571,0.0103,0.7823,0.1102,0.3421,0.0,0.0055,0.0,0.2249
130,HBAN,1.0,-0.0572,1.22,100.5599,2.9794,100.5599,30188400.0,0.0,7.3311,0.0025,1.3001513450178,0.0419,-4.3787,0.0552,0.8904,0.0,-0.5502,-0.0508,0.0
135,KNX,1.0,0.0281,2.37,0.2487,5.0353,0.2487,319954098.53,32.7582,4.9612,-0.5994,1.1185296324081,0.0096,-14.2832,0.0153,0.3129,-0.0241,-0.0071,0.0117,0.0
140,MDT,1.0,2.1429,2.29,0.2702,0.0,0.2702,51421178.76,7.2745,23.5223,-0.0051,0.005641779665632,0.0226,0.0135,0.6868,0.0067,0.0,0.3076,-0.2248,0.055
145,EOG,0.0,0.0436,5.93,1.5261,0.9209,1.5261,180978951.0,92.5,6.51,0.0,0.0,0.0087,0.3438,0.0525,0.1044,-0.0225,0.1975,0.0888,0.3568
157,OXY,0.0,-0.0587,5.4,0.2215,1.4724,0.2215,26168913.74,0.0,6.042999999999998,0.6666,0.0,0.0505,0.0,-0.0594,0.0,0.0,0.0801,0.0557,0.0104
160,MTG,1.0,0.1514,1.83,0.2804,3.7327,0.2804,50538320.3,8.6468,6.9460000000000015,0.0316,0.53051935400069,0.0,1.1559,0.2071,0.4403,-0.1464,-0.0735,-0.0576,0.1099
173,NFLX,1.0,0.07,2.78,1.9565,0.0,1.9565,35097528.24,19.1351,-43.5454,-0.2226,0.35510156158272,0.0,0.7639,0.0552,0.2571,0.0423,0.0191,0.0991,0.0
183,WMB,1.0,0.3782,-0.16,0.1204,2.2183,0.1204,242407821.76,0.0,8.1058,-0.0347,0.14446230443080998,0.0617,0.1949,-0.5132,0.1294,0.0,-0.0412,0.0,-0.1417
192,SU,1.0,-0.4107,1.5037,4.4423,0.7337,4.4423,659850000.0,0.0,5.6532,0.0433,0.60870133080823,0.0294,1.6324,-0.3031,0.4567,0.0,0.1884,0.2079,0.0
193,MMM,0.0,-0.0006,9.09,0.9984,1.6323,0.9984,2849850345.48,0.0,17.2308,0.052000000000000005,0.43245482693957,0.0286,0.8241,-0.0003,0.325,0.0,0.0756,0.1468,-0.0659
194,BIIB,0.0,0.1512,21.63,1.3401,4.3552,1.3401,22916369026.1746,14.6597,9.7985,0.052000000000000005,1.1738519512038998,0.0,-6.752000000000002,0.2652,0.4554,0.0247,0.0304,0.0641,0.0753
196,ACN,1.0,0.084,6.46,0.3346,3.2638,0.3346,1814953001.4,23.0882,18.9273,-0.0636,0.7097284850810699,0.0157,2.6487,0.0438,0.4295,-0.016,0.0351,0.0731,-0.0529
202,EGO,1.0,-0.0588,-2.28,0.1971,3.4251,0.1971,384238127.26,0.0,6.9051,0.0067,0.29482708762141,0.0,0.4181,-0.0392,0.2172,0.0,-0.044,0.0485,0.0187
204,TEVA,0.0,-0.0486,-2.35,0.5697,4.7809,0.5697,4326750644.09,0.0,6.4221,0.001,0.30023289566949,0.0,0.429,-0.0263,0.2262,0.0,0.0987,0.0843,0.0
205,PAA,0.0,0.1225,2.77,3.1442,2.0785,3.1442,2531422654.66,27.0592,5.5807,0.0192,0.40158775591922,0.0599,0.8566,0.0862,0.3767,0.0,-0.1634,0.0,0.0337
211,BIDU,0.0,0.1039,11.38,2.9179,3.2101,2.9179,15307128170.18,33.6854,8.4403,0.0087,0.60878470250082,0.0,1.5916,0.0493,0.4128,-0.1063,-0.1838,-0.1352,0.1521
214,VOYA,1.0,0.1735,5.36,2.2079,1.5777,2.2079,9511804462.16,13.7407,3.3418,0.0447,0.3566444885706,0.001,0.7836,0.0828,0.3422,0.0,0.0985,0.2009,0.1015
221,BTU,0.0,0.1167,4.35,1.3721,3.1425,1.3721,5592000000.0,14.9367,2.3427,0.0333,0.25510995585055,0.0159,0.3466,0.0556,0.2163,0.0463,0.0572,0.0893,0.0124
224,DE,1.0,0.0712,7.34,2.5521,1.6915,2.5521,9033477684.8,31.6891,23.0719,0.0336,0.20542635258161,0.0198,0.2741,0.0746,0.1597,0.0044,0.0225,0.0919,-0.1406
232,VICI,1.0,0.1017,1.43,0.9734,2.7494,0.9734,3328949637.0090003,10.843,13.7932,0.0175,0.63313609467456,0.0531,1.7258,0.0806,0.3819,-0.1628,-0.0643,-0.0114,0.1359
236,KMB,1.0,-0.2707,4.05,0.6916,19.1614,0.6916,1985597210.64,0.0,13.2854,0.116,0.23845614928985,0.0351,0.3153,-0.1678,0.1856,0.0,0.0249,0.0061,0.0272
244,CMC,1.0,0.0942,1.19,1.5296,5.2342,1.5296,5760000000.0,22.036,-5.8248,0.0134,0.28279918287326,0.0222,0.3984,0.0599,0.2267,0.0686,0.0679,0.0865,0.1666
245,JCP,0.0,0.1264,-0.38,2.0646,1.4558,2.0646,2840796726.3,26.9614,2.299,0.0481,0.2811993130426501,0.0,0.4538,0.1083,0.182,0.0942,0.0319,0.033,-0.1837
262,SEE,1.0,0.0358,1.21,4.83,0.8976,4.83,2747321128.8,60.0,12.774,0.0926,0.3274244859728,0.0184,0.5666,0.8715,0.3017,-0.1333,-0.0782,0.0288,0.1358
267,K,1.0,-0.1003,3.85,1.2657,1.1067,1.2657,3688080000.0,0.0,12.88,0.0566,0.80345342144532,0.0386,4.2953,-0.2005,0.544,0.0,0.0918,0.1299,0.0543
277,BAH,1.0,0.0535,2.05,0.4412,3.7971,0.4412,2322305135.2,16.4955,14.8858,0.0688,0.324437995254,0.0185,0.4879,0.0394,0.2695,0.0,0.0188,-0.0623,0.0367
285,UTX,1.0,0.1854,6.58,1.4527,1.5408,1.4527,6674397500.7,27.6796,13.4908,0.046,0.43958212420197,0.0266,0.9147,0.1341,0.28,0.0745,0.0493,0.0114,0.0426
289,CRZO,0.0,0.0246,4.4,1.4117,0.0,1.4117,408534878.34,60.913,1.5828,0.0196,0.16370563980977,0.0,0.2295,0.0351,0.1517,-0.1151,0.0261,0.107,0.001
290,CENX,0.0,0.2575,-0.76,1.5715,0.7909999999999999,1.5715,3726102024.4,23.2137,-9.2705,0.141,0.0,0.0,0.0675,0.1692,0.0499,0.0574,0.0096,-0.04,0.1484
297,UAA,1.0,0.0572,-0.1,0.7587,1.7999,0.7587,789665257.44,33.92,12.611,0.2869,0.39204444865907,0.0,1.0394,0.0823,0.2892,-0.0649,0.0015,-0.0237,0.0882
306,ZTO,1.0,0.2218,0.8437,1.4874,1.5432,1.4874,455727926.61,27.3429,14.3809,0.0325,0.4757169246928901,0.0018,1.2857,0.1207,0.4424,-0.0247,-0.0813,-0.174,0.368
314,COTY,1.0,0.1917,-0.23,1.6746,1.2454,1.6746,1279536034.01,14.2339,25.163,0.0411,0.51075940580314,0.036000000000000004,1.0863,0.1471,0.3515,0.1656,0.0134,0.0481,0.1392
319,MNST,1.0,0.0042,1.78,0.0,11.8902,0.0,22726400000.0,96.0087,23.4248,0.0677,0.31223950444475,0.0,0.4549,0.0,0.2283,-0.2582,0.1017,0.094,0.0
339,DKS,1.0,0.1185,3.02,0.8865,0.0,0.8865,1593602622.84,14.746,4.2987,-0.0117,0.35740211288162,0.0228,0.5699,0.0679,0.2449,0.08900000000000001,0.0808,0.0317,0.0
345,HUN,1.0,0.1321,1.42,1.4176,1.0138,1.4176,1323966902.94,25.9432,3.8632,0.068,0.51621115687009,0.0337,1.067,0.1471,0.3368,0.1107,0.0398,0.0729,0.0
355,ENDP,0.0,0.0407,-4.61,1.0088,5.3767,1.0088,651201158.4,40.8511,6.1276,-0.1197,0.0,0.0,0.0,0.0764,0.0,-0.1943,-0.096,-0.0394,0.0
360,HON,1.0,0.6156,9.1,2.1317,1.5724,2.1317,4563511636.95,19.5748,15.2016,0.0829,0.6310269334555301,0.0715,1.7358,0.263,0.4598,0.2311,0.1095,0.0754,0.0842
361,YNDX,1.0,0.1288,2.1112,3.4689,3.4165,3.4689,1916524710.4,31.6667,21.7398,0.1141,0.31421510141469,0.0,0.4582,0.2166,0.2554,0.1622,0.1855,0.2017,0.2575
371,DG,1.0,0.0796,5.64,0.5299,2.8522,0.5299,785931130.08,20.4805,14.9848,0.1563,0.047820532355044014,0.0105,0.0502,0.0428,0.031,-0.0705,-0.0317,-0.0203,0.1349
372,SID,1.0,0.4963,0.9523,0.0,0.4999,0.0,19263952.61,2.1304,5.3105,0.2864,0.0,0.0192,0.0,0.4976,0.0,0.0,0.0,-0.0208,0.145
379,TOL,1.0,0.2838,4.92,3.2083,3.4127,3.2083,1213236173.68,27.4557,8.2342,0.1002,0.34759669764348,0.0122,0.5328,0.2657,0.2877,0.0628,0.0506,0.033,0.1358
386,JMEI,1.0,-0.0378,0.1201,0.0,0.414,0.0,217965840.0,0.0,-55.9008,0.2385,0.51212689015735,0.0,1.0497,-0.0275,0.3581,0.0,0.0,0.3347,0.3007
387,ETFC,1.0,0.1177,3.9,1.9696,1.6703,1.9696,590117238.0,12.7358,6.6169,0.0673,0.32026436258273,0.0032,0.5383,0.1066,0.2957,0.0,0.0,1.1451,0.1844
407,SYY,1.0,2.3287,2.74,0.0,2.7502,0.0,31886080.0,0.0,16.427,0.1139,0.39372759856631,0.0203,0.653,0.1088,0.2885,0.0,-1.0,0.0,0.0447
409,WDR,0.0,-0.2494,2.28,0.8087,3.9072,0.8087,23589373.5,0.0,3.9662,-0.0487,0.090395264787091,0.0553,0.0994,-0.5425,0.0635,0.0,-0.008,-0.0175,0.0
412,CTSH,0.0,0.006,3.61,0.3892,3.3281,0.3892,42156552.8,103.3333,14.1808,0.0621,0.28571428571429,0.0126,0.4182,0.0061,0.2313,-0.2371,-0.0454,0.0691,0.1129
413,HOLX,1.0,0.1251,-0.4,0.8247,4.2511,0.8247,13112101.045,9.0455,15.238,-0.0107,0.29965562491941,0.0,0.4547,0.1475,0.2487,0.0,0.0847,0.0329,0.0
415,CTXS,1.0,-0.1297,4.23,0.0,3.1426,0.0,19172413.2,0.0,13.3363,0.1143,0.1403733813702,0.0034,0.1651,-0.0479,0.0961,0.0,0.0,0.4502,0.2086
418,CF,1.0,0.01,1.25,1.286,2.9948,1.286,22584251.07,159.8571,6.7079,-0.1382,0.0,0.0276,0.0,0.01,0.0,-0.1766,0.0193,0.0437,0.0667
423,DISH,1.0,-0.1398,3.37,0.0,3.7666,0.0,493514100.0,0.0,4.638,0.1586,0.0064960453853658,0.0,0.0071,-0.1033,0.0068,0.0,0.0,0.1271,0.1492
442,BXMT,1.0,0.0003,2.5,21.0551,4.3208,21.0551,765794117.0,0.0,13.1471,0.0002,0.0,0.0778,0.0,0.0004,0.0,0.0,0.0802,-0.1145,-0.095
443,CHD,1.0,0.977,2.32,4.4681,3.2985,4.4681,145833023021.34,8.1803,21.2052,0.1814,0.027472436583973,0.0132,0.0644,1.056,0.053,0.3935,0.3491,0.2248,0.6128
445,IP,1.0,0.0994,4.91,3.7358,2.9368,3.7358,147554948496.34,33.4304,5.0673,-0.0288,0.059028433172607,0.0477,0.0642,0.1927,0.0209,-0.0283,0.0346,0.0688,0.0
446,CLI,1.0,-0.0378,0.8,3.3176,6.1635,3.3176,24805396556.04,0.0,10.5904,0.0298,0.48584040167459,0.0408,1.0777,-0.0944,0.4399,0.0,-0.0306,-0.0095,0.0
447,SE,1.0,0.2074,-2.84,3.2832,5.4845,3.2832,66993140304.81,15.2755,-7.8405,-0.1029,0.056135042308934006,0.0,0.2092,0.4134,0.1495,0.0313,-0.0053,0.0438,0.0
448,CC,0.0,0.1367,5.62,0.9139,30.1165,0.9139,94537068723.6,21.3704,4.2351,-0.0011,0.18609955107505,0.0298,0.2381,0.2323,0.1752,0.1022,0.0913,0.13,-0.0168
450,ZBH,1.0,0.0503,-1.86,5.4587,3.2030000000000003,5.4587,110599436210.64,31.8074,12.1074,0.1426,1.8141720896602,0.0093,-2.4534,0.1014,0.2722,0.0505,0.0832,0.1885,0.0125
451,NVAX,0.0,0.1408,-10.0,0.7063,1.2658,0.7063,108262395702.33,20.9807,-3.8114,0.0446,0.85646091649306,0.0,6.8995,0.3305,0.8615,0.1199,0.1164,0.1248,0.0
453,BBY,1.0,0.1646,3.33,0.3447,2.7483,0.3447,7844735478.28,22.0839,9.2873,-0.0058,0.55529060344027,0.02,1.3545,0.7186,0.5434,0.1632,0.2936,0.1585,0.0
456,LC,0.0,0.2707,-1.5,10.1653,1.9961,10.1653,94089990943.92,59.2871,-1.7543,0.0119,0.67936385719863,0.0,2.2054,0.1943,0.3268,0.3579,0.3075,0.2294,-0.1864
457,PWR,1.0,0.3784,1.92,6.3441,0.0,6.3441,68286367442.15,19.9187,12.251,-0.4723,0.0,0.0013,0.0,0.5621,0.0,0.4163,0.2065,0.0716,0.0
458,TNDM,1.0,1.6469,-2.55,9.0326,26.3687,9.0326,99457480000.0,7.8478,-261.8478,0.0806,0.0,0.0,0.0306,0.7127,0.0245,0.083,0.0316,-0.0178,0.1471
463,BEN,0.0,-1.7303,1.39,14.4883,1.9593,14.4883,1239341119.66,0.0,7.2073,-0.1052,0.027107037564557,0.1286,0.1138,-0.2228,0.0771,0.0,0.013,-0.1521,0.0
465,NAVI,1.0,0.0175,1.52,16.5056,5.9332,16.5056,42980610797.25,280.5147,1.9936,-0.0091,0.27284546060076004,0.0726,0.4005,0.0601,0.2452,0.0,1.0437,0.515,0.0181
467,SBH,1.0,-0.5632,2.09,9.283,4.4116,9.283,268233473.97,0.0,5.7739,0.1162,0.0,0.0,0.0,-0.5314,0.0,0.0,-0.0805,-0.1453,0.0502
468,NI,1.0,-0.2505,-0.18,4.2412,2.4301,4.2412,13863228962.12,0.0,17.0511,-0.0396,0.0,0.0308,0.0,-2.2865,0.0,0.0,0.1034,0.1686,0.0
472,KLAC,1.0,0.1475,5.13,1.2504,10.8553,1.2504,4890121156.5,20.9602,13.1635,0.1912,0.26108801900151,0.0243,0.4147,0.1861,0.199,0.0533,0.0836,0.0751,0.0558
473,LADR,1.0,-0.1861,1.85,0.6876,0.0,0.6876,3411040055.28,0.0,8.5873,-2.6429,0.0,0.0992,0.0,-0.0595,0.0,0.0,0.0251,-0.0225,0.0
474,FHN,1.0,0.097,1.66,2.7127,7.9761,2.7127,27892345122.18,38.6764,18.1946,0.3114,0.5824508655185401,0.0365,1.3949,0.1302,0.4624,0.0135,0.0863,0.1,0.3437
476,HSIC,1.0,0.1111,3.51,0.4599,4.6644,0.4599,36403577931.84,14.3309,13.7107,0.0472,0.37714800658774,0.0,0.6197,0.1857,0.2605,0.0939,0.154,0.0809,0.019
477,CXO,0.0,0.0149,13.28,3.4856,14.3577,3.4856,20905782505.75,131.5256,8.0468,0.1726,0.15304676991203,0.0,0.269,0.0233,0.1439,-0.1245,0.0918,0.1078,0.0593
478,HLX,1.0,-0.5362,0.19,62.4583,4.1312,62.4583,2264111976.0,0.0,4.0739,0.0194,0.4459804163580999,0.0,0.8145,-0.6456,0.3031,0.0,0.0101,-0.004,-0.0496
480,BIG,1.0,-0.2604,4.43,16.5623,1.9984,16.5623,6658055422.2,0.0,9.3595,0.0819,0.3849953689410301,0.0179,0.6368,-0.2629,0.2618,0.0,0.0,0.0061,0.1161
482,PAYC,1.0,0.1661,2.37,0.9697,2.4408,0.9697,10308153434.6312,21.5062,38.8343,0.0414,0.36641435038699,0.0,0.5974,0.3416,0.3121,0.1367,0.0945,0.0926,0.0722
483,GCP,0.0,0.0393,0.21,0.1333,9.9882,0.1333,2591343799.452,15.8881,-30.7584,0.0974,0.41020097685964,0.0,0.7475,0.0129,0.2915,-0.031,0.1545,0.0712,0.161
484,YUM,1.0,-0.2026,4.8,0.1621,16.1359,0.1621,3019977002.4,0.0,24.4105,0.1294,0.40244492669904,0.0157,0.8614,-0.0159,0.2685,0.0,0.1022,-0.0221,0.078
488,MEOH,0.0,0.0511,7.07,9.707,6.5374,9.707,123163915625.0,31.2188,3.784,0.1121,0.6762960419834201,0.0274,2.1652,2.1531,0.5088,0.2321,0.08199999999999999,0.2639,0.4639
490,USFD,1.0,-0.5919,1.88,29.9501,2.2535,29.9501,30918606097.38,0.0,11.29,0.0459,0.92879315806145,0.0,16.7171,-0.348,0.318,0.0,0.0903,0.0381,0.0521
491,SFM,0.0,-12.6267,1.23,9.7436,29.0044,9.7436,2248655618.2,0.0,10.1908,0.0115,0.49382791029593,0.0,1.0739,-0.2254,0.3847,0.0,0.0172,-0.3535,0.0411
492,THC,1.0,0.0962,1.09,3.1671,5.0513,3.1671,12788850684.29,32.1583,1.6748,0.0151,0.57763753319832,0.0,1.3979,0.121,0.4475,0.0617,0.0249,0.0424,0.0819
494,ALLY,1.0,0.1528,2.97,1.7356,8.8497,1.7356,88164240000.0,30.4484,2.2555,0.1216,0.32067568005706,0.0247,0.4721,0.3743,0.2485,-0.026,0.0281,0.0569,0.0
497,AVP,1.0,-0.3798,-0.1,0.0,6.2429,0.0,1211524558.3,0.0,7.2534,0.0389,0.26419134512031,0.0,0.3783,-0.8857,0.2481,0.0,0.0,0.0,0.0
498,EVR,1.0,0.4782,9.29,0.9807,0.0,0.9807,579056629.26,1.7353,3.4089,0.0,0.0020181927036057,0.0266,0.0048,1.3528,0.0044,0.0,0.0905,-0.0167,0.0
499,CMS,1.0,-0.5708,2.33,229.2234,28.3171,229.2234,928354692.32,0.0,8.2604,0.0,0.0,0.0288,0.0,-0.5774,0.0,0.0,-0.3179,-0.1494,0.0
500,DOX,1.0,0.1601,2.49,1.3011,0.0,1.3011,11766483685.11,17.3425,16.486,-0.1977,0.7508441185885699,0.0148,3.0621,0.1528,0.5795,0.1228,0.0998,0.1479,-0.0089
502,HMHC,0.0,0.2308,-0.76,3.6701,11.3243,3.6701,155444896800.0,10.4185,9.5266,0.187,0.50264700006659,0.0,1.158,1.1762,0.4457,0.1137,0.0553,0.0892,0.1169
505,KMT,1.0,-0.2294,2.45,194.1022,4.154,194.1022,7977019456.98,0.0,10.4852,-0.0018,0.7372268773456,0.0225,2.9092,-0.2708,0.6558,0.0,0.0651,0.1826,0.0659
506,SRNE,1.0,-0.0716,-1.92,18.9828,18.6904,18.9828,16892729663.4,0.0,-2.6256,0.0441,0.5802122862014,0.0,1.5133,-0.1274,0.4515,0.0,0.3103,0.0,0.1057
507,HP,1.0,-0.8263,4.39,0.0,18.4428,0.0,960425433.0,0.0,13.686,0.0556,0.5873153444656299,0.0401,1.5613,-0.8266,0.4572,0.0,-1.0,-0.1572,0.3199
509,JHG,1.0,-0.3792,2.62,0.0,30.8638,0.0,1121738044.35,0.0,6.1355,0.0212,0.52451228687908,0.0676,1.1626,-0.4314,0.4213,0.0,-1.0,0.0942,0.0666
510,FDX,0.0,1.1487,17.08,34.4749,3.6524,34.4749,1281501347.64,0.0,14.2423,-2.9245,1.0178446747514,0.008,-57.0391,-1.2651,0.8023,0.0,-0.1556,0.0,0.0
513,LNG,1.0,0.0925,1.92,3.337,16.3236,3.337,56612008603.15,28.5988,7.6407,0.0892,0.37397153136243,0.0,0.7357,0.4884,0.2656,0.1361,0.1007,0.1196,0.0269
514,WU,1.0,-0.8232,1.89,58975.4005,0.0,58975.4005,3597499431.25,0.0,9.198,0.1131,0.20391971208397,0.0445,0.4364,-0.8251,0.1803,0.0,-0.4894,0.0105,0.1151
515,BAX,1.0,-2.0167,3.04,34.3965,2.2832,34.3965,460844316.0,0.0,16.7106,0.0356,0.90154840282858,0.0111,9.439,-0.5488,0.6947,0.0,-0.2209,-0.2263,0.1078
516,AOBC,0.0,0.0507,0.37,5.0132,2.2352,5.0132,8169730000.0,51.3254,9.6593,0.0408,0.97306375557135,0.0,36.5827,0.1146,0.6176,0.0246,0.0696,0.1326,0.0
518,NUAN,1.0,-0.4721,-0.55,12.143,4.0479,12.143,136474659.16,0.0,9.6716,-0.0257,0.020463973694328,0.0,0.0266,-0.4762,0.0201,0.0,-0.0068,-0.1714,0.0
520,MLM,1.0,0.0352,7.46,2.5048,0.0,2.5048,1047711465.56,29.0288,15.2852,-0.0103,0.28230794953068,0.0107,0.4301,0.0842,0.254,0.0,0.4694,0.2758,-0.0207
523,AGN,1.0,-0.2115,-15.26,16.1746,5.4149,16.1746,639527658.33,0.0,7.9931,-0.6558,0.73423424781884,0.0215,2.7627,-0.2083,0.428,0.0,0.1942,0.0655,0.0
524,GT,0.0,0.1845,2.92,0.2942,5.845,0.2942,52669430650.2,35.5102,5.1919,0.0843,0.30974459085733,0.0284,0.4487,0.2829,0.2443,0.0,0.1111,0.0675,0.0516
527,BW,0.0,-0.2997,-57.0,3.6262,0.0,3.6262,398610359.21,0.0,-0.2334,0.0428,0.29605532943660995,0.0,0.5334,-0.3328,0.2709,0.0,0.0,-0.4701,0.0733
530,HCA,1.0,-0.4397,10.9,26.2207,5.4901,26.2207,7438889656.44,0.0,6.335,-0.1838,0.30015448442039,0.0112,0.4289,-0.1134,0.149,0.0,0.1402,0.4445,0.0
536,CNX,0.0,0.2366,3.75,0.35200000000000004,7.2379,0.35200000000000004,285025746.78,34.3333,2.6248,0.0374,0.19300326758619,0.0,0.3181,0.0234,0.1829,0.0,0.1009,0.0,0.0312
539,ES,1.0,0.1363,3.25,8.5587,2.0221,8.5587,20407379357.079,34.4146,11.553,-0.5262,0.14015796737309,0.0311,0.163,0.2757,0.1188,0.1945,0.2578,0.2488,0.0
541,ARMK,1.0,0.1942,2.31,0.2699,7.7055,0.2699,27674223613.4,22.8552,10.124,0.0,1.7391909283801,0.0098,-2.4898,0.202,0.7841,0.0413,0.0623,-0.0057,0.0
544,APTV,1.0,0.174,4.04,13.7665,7.1943,13.7665,56493783921.84,87.9854,9.9644,-0.1826,0.0,0.0143,2.1174,0.172,0.3175,0.0,0.4214,0.3307,0.0
547,NSC,1.0,0.1042,9.58,0.2315,2.2048,0.2315,2262612446.36,21.8061,10.9304,0.037000000000000005,0.41644993498049,0.0203,0.7719,0.0923,0.3622,0.0433,0.0679,0.0632,0.1483
548,NKTR,0.0,-0.4828,4.02,22.5473,1.7893,22.5473,889199740.0,0.0,7.9215,0.0,0.0,0.0,0.0,-0.4735,0.0,0.0,0.1022,0.1424,0.0
549,PSX,1.0,0.2223,11.87,4.7315,60.2147,4.7315,7943755439.82,22.4582,5.2457,-0.1885,0.60744500846024,0.036000000000000004,1.6356,0.2308,0.3862,0.182,0.1445,0.1259,0.0
554,AMH,1.0,-0.2831,0.08,5.9516,4.1057,5.9516,2412324303.0,0.0,14.3256,0.0331,0.50815004547981,0.0101,1.0558,-0.5175,0.398,0.0,-0.0399,0.0659,0.0
556,FOE,0.0,0.0885,0.95,1.4415,5.9663,1.4415,12512368000.0,27.9097,7.1422,-2.7601,1.1947921102028998,0.0,-6.6692,0.16399999999999998,0.8283,0.0406,0.131,0.1316,0.0
557,A,1.0,0.0918,0.98,0.2378,3.9614,0.2378,3372210660.0,21.8655,19.0001,-21.961,0.0,0.0092,0.0,0.0762,0.0,0.1527,0.2125,0.1312,0.0
559,MOS,0.0,0.0763,1.22,4.1867,1.5803,4.1867,7523972529.15,36.85,7.9867,0.1532,0.64402476275049,0.0034,2.0957,0.1641,0.1327,0.0675,0.068,0.0614,0.225
564,UE,1.0,-0.9406,0.92,11.6585,4.2089,11.6585,99353581.6,0.0,13.8628,-0.1099,0.85517502200048,0.0529,5.9168,-1.6849,0.6456,0.0,0.0,0.0,0.0
568,CAAP,0.0,-0.2095,0.0,246.656,3.1572,246.656,4876143245.96,0.0,5.5002,-96.7539,2.5219264237098,0.0,-1.6571,-0.2458,0.5660000000000001,0.0,-0.2341,-0.0721,0.0
573,AGO,1.0,0.1,4.73,3.8749,0.8029999999999999,3.8749,921090190.8,24.3068,8.7553,0.2169,0.35460103721735,0.0167,0.59,0.1602,0.2957,0.0,0.1525,0.1976,0.0
582,LOGM,1.0,-2.2832,1.44,4.1408,10.7926,4.1408,6633061482.64,35.2271,10.329,0.1645,0.26193272086758,0.0147,0.4028,0.6448,0.1695,0.1318,0.1343,0.0,0.025
586,PRU,1.0,0.1219,9.64,3.0218,8.7567,3.0218,5468564891.35,22.3175,1.5547,0.1226,0.34006096965029003,0.0441,0.6920000000000001,0.3734,0.3601,0.0557,0.0123,0.0554,0.1902
588,MNK,0.0,0.0548,-42.94,22.9414,3.0086,22.9414,1237668090.1,0.0,1.9968,0.1827,0.60832178593172,0.0,1.5531,-0.0933,0.3976,0.0,0.0753,0.0,0.0
594,AVYA,0.0,0.1698,27.42,6.191,0.0041,6.191,5234426245.8,36.5833,8.1881,0.0634,0.49047733624535,0.0,1.0624,0.2413,0.4106,0.5472,0.1214,0.2147,0.0871
595,CBSH,1.0,-0.9453,3.79,0.0,5.0042,0.0,169829023.56,0.0,10.835,0.0,0.41566265060241,0.0167,0.9976,-0.9453,0.2208,0.0,0.0,0.0,0.175
605,TSCO,1.0,-0.4385,4.34,282.2564,3.8054,282.2564,1546765281.6,0.0,14.668,0.1426,0.36326530612245,0.0144,0.5998,-0.4606,0.2277,0.0,-0.1959,-0.0122,0.0415
610,KRG,1.0,-1.2425,-0.56,15.4851,7.8397,15.4851,384293816.1,0.0,7.6404,-0.0259,0.33563301150729,0.0901,0.5654,-0.5155,0.3093,0.0,0.1436,-0.1423,0.04
611,VSH,1.0,-0.2252,2.39,11.4213,0.141,11.4213,1023919338.4,0.0,10.0474,0.0414,0.0,0.0179,0.0,-0.2328,0.0,0.0,0.1153,-0.0002,0.2466
614,TRUE,0.0,-0.4818,-0.28,8.8035,4.8472,8.8035,2593042731.34,0.0,37.9448,0.0772,0.14751060134642002,0.0,0.1832,-1.0579,0.1279,0.0,0.0379,0.1223,0.0
616,HPP,1.0,-1.4475,0.63,2.8968,3.5848,2.8968,37519031.35,0.0,21.2173,0.0454,0.22610835451208,0.0344,0.3228,-0.8043,0.1775,0.0,-0.29100000000000004,-0.2466,0.0495
624,INVH,1.0,0.6046,-0.01,2.8365,1.9136,2.8365,490735333.44,11.8544,18.6252,-0.8841,0.0,0.0219,0.0,0.3377,0.0,0.0,0.1531,-0.0763,0.0
626,LW,1.0,0.2037,2.83,2.7257,2.6727,2.7257,3715899485.4,24.8287,19.619,-0.015,0.4184131953503201,0.0117,0.7194,0.1613,0.3718,0.0501,0.0785,-0.0463,-0.0539
628,NHI,1.0,0.9867,3.68,0.183,8.5037,0.183,3366801.69,0.0,15.3468,0.0585,0.61461777150524,0.053,1.9165,-0.2671,0.6019,0.0,-0.2105,0.0,0.3818
629,CBL,0.0,-0.1661,-0.72,11.9558,6.8456,11.9558,485071419.84,0.0,0.8788,0.0957,0.16834114757757998,0.3516,0.2046,-0.1976,0.1332,0.0,-0.0638,-0.063,0.0329
634,KLIC,1.0,-0.0112,0.82,22.2818,1.7039,22.2818,1473319697.59,0.0,13.1972,0.3874,0.0,0.01,0.0,-0.0112,0.0,0.0,-0.2936,0.0,0.0
639,FLO,1.0,0.0416,0.74,1.4832,25.4028,1.4832,2948851432.11,62.6386,13.1643,-0.0167,1.0840962300396,0.0384,-13.442,0.0507,0.747,0.0,0.0102,0.0247,0.0
643,COF,1.0,0.6078,11.9,3.873,7.0548,3.873,9277524470.94,26.5984,2.7588,-0.1043,0.46719904136784,0.0212,0.973,0.4677,0.418,0.1732,0.0944,0.0299,0.1287
650,TROW,1.0,-0.2648,7.41,0.0,2.4107,0.0,248353856.32,0.0,13.7152,-1.6553,1.4280016449608002,0.0303,-3.3402,-2.0885,0.8325,0.0,0.0,-0.0699,0.0
651,ARLP,0.0,0.0512,2.74,3.0383,2.0,3.0383,363746552.96,46.0,3.2510000000000003,-1.4527,0.0,0.1194,0.0,0.0621,0.0,-0.1337,0.0328,0.006999999999999999,0.0
655,BLMN,1.0,-0.4881,1.16,4.3689,5.0598,4.3689,671116050.0,0.0,5.7073,0.0258,0.38689109261816,0.0201,0.6511,-0.2414,0.3441,0.0,0.2686,0.0208,0.0788
659,RCL,1.0,-0.0887,8.6,1.745,2.5105,1.745,165356499.83,0.0,5.8744,0.1607,0.14151129525501002,0.0266,0.3826,-0.0873,0.1746,0.0,0.0035,-0.0819,0.0926
669,YUMC,1.0,-0.0536,1.84,1.4158,0.0,1.4158,138177000.0,0.0,9.5352,0.1069,2.3144549516783,0.0125,-2.1074,-0.075,0.6693,0.0,0.0476,-0.12,0.0
684,FBHS,1.0,0.0912,2.69,0.9969,0.0,0.9969,813874615.26,24.3495,8.894,0.2311,0.66798218929938,0.0211,2.0555,0.3029,0.4126,0.1216,0.1599,0.1428,0.1377
686,EXPD,1.0,-0.3006,3.55,0.0,4.4291,0.0,42088126.5,0.0,20.516,0.3114,0.0,0.0132,0.0,-0.3057,0.0,0.0,-1.0,-0.4085,0.4133
688,EXPE,0.0,0.4102,2.71,4.8752,3.7197,4.8752,7146022213.32,11.0522,8.4972,0.1819,0.26939401786370004,0.011,0.3687,0.4898,0.1909,0.2582,0.2878,0.1908,0.1807
692,ED,1.0,1.1838,4.43,652.8332,36.1096,652.8332,31147978.56,0.0,8.8353,0.1818,0.0,0.0374,0.0,-1.5221,0.0,0.0,-0.4935,0.0,0.0186
694,DVAX,0.0,0.1312,-2.55,1.3937,0.3307,1.3937,45442324.7,10.5333,-4.3688,-7.7859,0.33767850272705,0.0,0.6786,0.2336,0.3439,0.0,0.0899,0.2327,0.0
718,MLHR,1.0,-0.0062,2.15,1.6229,2.7231,1.6229,578634759.18,0.0,11.8532,0.0,0.0,0.0218,0.0,-0.0234,0.0,0.0,0.0698,0.1393,0.0
723,TRP,1.0,-1.4572,2.9037,0.0,6.4784,0.0,72530958.6,0.0,6.7495,-0.0246,0.25698227714499,0.0435,0.382,-9.2827,0.1785,0.0,-1.0,0.0,0.0
732,EWBC,1.0,0.2143,4.86,3.6612,17.2734,3.6612,713320258.5,20.1176,7.1448,0.068,0.16023189273228,0.0198,0.2021,0.2699,0.1267,0.0904,0.0588,0.0529,-0.0052
736,VRAY,0.0,0.0183,-0.98,3.7474,4.5429,3.7474,1846186685.82,164.5385,-4.7554,0.0574,0.0,0.0,0.0,0.0276,0.0,0.0,-0.07400000000000001,0.0,0.0
741,CASA,0.0,0.9686,0.87,30.0407,3.8154,30.0407,2160350248.68,9.3385,11.0288,0.0456,0.44195825388608,0.0,0.792,-29.7045,0.3678,0.0,0.1594,0.0,0.0249
749,TXMD,0.0,0.1272,-0.59,8.0895,2.0783,8.0895,3658446358.41,33.9552,-8.4853,-0.8059,0.0,0.0,0.0,0.3185,0.0,0.0589,0.1066,0.1315,0.0
758,FIT,1.0,0.0996,-0.76,3.9885,4.15,3.9885,312508400.25,39.2045,10.911,0.0,0.0,0.0,0.0,0.1415,0.0,0.5185,0.017,0.0691,0.0
761,ADI,1.0,0.1179,4.02,4.0355,0.9392,4.0355,2280094695.2,47.3103,13.145,-3.2796,0.17715156347895,0.0219,0.3353,0.266,0.1872,0.0962,0.1281,0.1174,0.0
766,MBT,1.0,0.0904,0.12,1.7684,0.0,1.7684,1216257916.5,21.8206,2.8625,0.0833,0.16333321921326,0.0017,0.5623,0.1433,0.2531,0.1287,0.1145,0.0758,-0.06
767,TMO,1.0,0.0761,7.31,11.1564,1.4874,11.1564,931973114.37,101.0357,19.8311,-0.5545,0.10819742326964997,0.003,0.2926,0.0951,0.1958,0.0,0.2336,0.1654,0.0
779,CHTR,1.0,-0.2262,5.29,4.6547,0.0,4.6547,349043218.02,0.0,5.5439,-7.1545,0.75304374832549,0.0,3.6724,-0.2175,0.5067,0.0,-0.0288,-0.0661,0.0
800,AGCO,1.0,0.0258,3.62,2.1025,3.5993,2.1025,306743477.04,77.0,7.3134,0.2366,0.0,0.0108,0.0,0.0394,0.0,0.0,0.0616,0.1023,0.0975
804,CAKE,0.0,0.1096,3.35,2.4366,1.4841,2.4366,254866233.28,48.35,9.4544,0.152,0.0,0.0215,0.0,0.1327,0.0,0.3036,0.014,0.2741,0.0
813,PEIX,0.0,0.2149,-1.42,1.6383,11.0123,1.6383,2528496220.6,22.9052,25.106,0.0956,0.36082958384463,0.0,0.5645,1.1387,0.3298,0.1665,0.0982,0.073,0.3214
830,EAT,0.0,0.13,2.75,4.5629,0.0,4.5629,282435491.52,23.7391,7.6455,-0.0208,0.13610147182003002,0.0306,0.1904,0.1571,0.1276,0.0,0.0328,0.0101,-0.0539
844,HTA,1.0,0.0822,1.04,0.8127,154.3079,0.8127,229416724.36,19.85,15.5238,0.0181,0.45682893239926,0.0486,0.8586,0.0688,0.3751,0.0,0.061,-0.0295,-0.0468
845,NPTN,1.0,0.0955,-0.97,6.1321,0.0,6.1321,1735850697.6881,51.4587,15.2283,0.0,0.22491005569154,0.0,0.3167,0.134,0.1756,0.1758,0.1285,0.1687,0.0
851,LXP,1.0,-3.157,0.93,29.9841,0.0,29.9841,43387032.0,0.0,8.9059,0.1169,0.0,0.0865,0.0086,-3.2717,0.0057,0.0,-0.4946,-0.4077,0.1447
852,ONB,1.0,-0.0097,1.23,1.8681,6.479,1.8681,740669646.15,0.0,10.0092,0.101,0.21245968825585,0.0338,0.2763,-0.0154,0.1475,0.0,0.0069,-0.0398,0.0983
865,YEXT,0.0,8.9242,-0.85,2.85,4.6564,2.85,158023630.8,0.0,-33.9206,0.1592,0.16023098899373,0.0,0.2075,-0.4047,0.1236,0.0,-0.1757,0.0,0.0815
903,WDAY,1.0,-0.4244,-1.55,473.7143,0.9213,473.7143,179537702.4,0.0,54.0594,0.1124,0.0,0.0,0.0,-0.4055,0.0,0.0,0.0,-0.2109,0.0859
933,FORM,1.0,0.1402,1.42,2.9258,0.0,2.9258,86464809.4,14.7619,15.198,0.0,0.34557679138393,0.0,0.6866,0.1262,0.3339,0.0,0.0022,-0.0857,0.0
935,NVO,1.0,427.7257,2.4479,3.5108,0.0,3.5108,30783900.7,0.0,12.5022,-4.1799,0.0,0.0035,0.0,37.8245,0.0,0.0,-0.1221,0.0,0.0
980,GLPI,1.0,0.1019,1.59,11.0691,0.0,11.0691,130302220.0,12.25,10.5699,0.2965,0.0,0.0795,0.0,0.1331,0.0,-0.0485,-0.1729,-0.1345,0.2437
997,TRV,1.0,-0.4953,9.37,4.12,3.5516,4.12,26569792.48,0.0,7.2419,-0.6339,0.0,0.0253,0.0,-0.6296,0.0,0.0,-0.0266,0.3203,0.0
1004,WSM,1.0,0.8279,3.03,7.3208,1.4595,7.3208,19802793.6,0.0,8.9177,-0.1384,0.11068103479233,0.0295,0.1398,3.1027,0.1013,0.0,-0.4176,0.0,0.0
1010,DRQ,1.0,-3.411,-2.58,2.6594,2.6568,2.6594,59803110.0,0.0,23.6114,-0.6920000000000001,0.0,0.0,1.359,-3.1943,0.2178,0.0,-0.0415,0.0,0.0
1011,AXS,1.0,-3.3307,0.0,0.0,10.7187,0.0,6350236.0,0.0,400.6343,-0.2272,0.0,0.0304,0.0142,-26.6749,0.0119,0.0,-1.0,-0.5532,0.0
1018,ISRG,1.0,0.1224,9.92,0.1316,4.0612,0.1316,51012088.8,30.1852,46.762,-0.1346,0.27568900686440995,0.0,0.5215,0.0249,0.2628,-0.2449,0.061,0.0,0.0
1032,SMFG,1.0,-0.871,0.9427,0.8334,3.6802,0.8334,7860298.8,0.0,1.9838,0.1899,0.0,0.0003,0.0,4.1325,0.0,0.0,-0.2996,-0.2154,0.1147
1040,PLNT,1.0,-0.0624,1.01,0.7119,1.4717,0.7119,15303113.72,0.0,28.39,0.0,0.0,0.0,0.0,-0.0471,0.0,0.0,0.0479,-0.0583,0.0
1042,AYI,1.0,0.2345,8.54,3.2988,1.7385,3.2988,73248448.5,12.8378,17.4716,0.021,0.027715921742357003,0.0034,0.113,0.2738,0.0593,0.1822,-0.0812,-0.0164,0.0
1048,WCN,1.0,3.7217,2.07,1.6062,5.4622,1.6062,7036649.8,0.0,13.864,0.0,0.0,0.0078,0.0224,-65.6505,0.0154,0.0,0.0,0.0,0.0
1055,TYME,0.0,0.1294,-0.21,2.0384,0.0,2.0384,54984565.74,36.2143,-16.8348,-0.1689,0.46092289690665,0.0,0.8575,0.0854,0.3736,-0.0981,0.0187,0.0227,-0.0215
1063,CMA,1.0,13.1414,7.31,1.112,2.6051,1.112,106116730.2,0.0,6.8732,-3.7142,0.0,0.0268,0.0,-0.4328,0.0,0.0,0.1049,0.0,0.0
1067,IRET,1.0,-0.8821,8.71,0.0,0.0,0.0,9512700.0,0.0,11.588,0.0622,0.48146093165754,0.0525,1.2578,-1.2005,0.4462,0.0,-1.0,-0.3618,-0.0155
1068,HUM,1.0,0.1562,12.24,1.861,2.8534,1.861,138661461982.89,17.2043,18.0862,-0.2287,0.48173354186012,0.006999999999999999,0.9295,0.2937,0.3861,0.2784,0.16699999999999998,0.0559,0.0
1072,JWN,0.0,0.2576,2.62,2.859,8.2909,2.859,87487911196.8,26.7789,5.5496,-0.1531,0.025862068965517,0.0317,0.7157,0.2668,0.2526,0.1268,0.1053,0.1064,-0.1643
1090,TSE,0.0,-1.744,6.83,1.7242,2.4684,1.7242,7027525345.28,35.8497,5.2863,-1.7794,0.3546619932965,0.0332,1.3052,0.022,0.1191,0.0,0.1856,0.0,0.0
1096,LYV,1.0,0.6806,-0.09,1.6546,1.6632,1.6546,137620710160.5,22.0316,10.9603,0.0,0.42727100036582,0.0,0.0,0.2372,0.0,0.0766,0.065,-0.0442,0.0
1099,RESN,1.0,0.2584,-0.98,2.7036,7.045,2.7036,8323503965.28,17.5814,-1.9873,0.0043,0.8633399150362,0.0,6.9929999999999986,0.3421,0.4898,-0.0092,0.0163,0.0122,0.0
1100,ELY,1.0,0.2313,1.11,1.2425,15.0913,1.2425,9459781835.76,20.973000000000006,15.6681,-0.0991,0.4069659933599,0.0026,0.7436,0.6725,0.2721,0.0,0.0236,0.0051,0.0
1114,AVB,1.0,0.1879,7.05,0.926,2.5638,0.926,6309986218.02,18.2491,18.4901,0.0458,0.12737541484433998,0.0338,0.1527,0.1828,0.122,0.1493,0.1002,0.1674,0.0
1115,FII,1.0,0.2089,2.18,1.0105,0.0,1.0105,4203809146.67,18.3286,12.9351,-0.4587,0.54768335757324,0.0399,1.2108,0.1198,0.1893,0.0,0.0102,0.0961,0.0
1120,CVEO,0.0,0.2246,-0.84,1.2398,0.0,1.2398,9914642985.17,35.652,4.4161,-11.4577,0.0,0.0,0.0,0.103,0.0,0.0495,0.0812,0.0869,0.0
1125,GPOR,0.0,57.8889,2.46,2.1682,0.0,2.1682,24834109531.05,23.7675,1.5085,-0.8312,0.0,0.0,0.0,0.2744,0.0,0.0746,0.0539,-0.3647,0.0
1135,GOGO,1.0,0.2468,-2.02,0.3041,4.0431,0.3041,12266077165.03,9.9065,-3.177,-0.4943,0.11968841659282,0.0,0.3735,0.2058,0.235,0.0927,0.0859,0.0731,0.0
1138,QUAD,0.0,0.145,0.17,1.0351,6.8057,1.0351,2191215174.47,19.1196,2.4428,-0.7651,0.0,0.0974,0.0,0.1726,0.0,0.5464,0.1726,0.1893,0.0
1146,TPC,0.0,0.1719,1.67,1.0598,3.8137,1.0598,7578892203.12,14.7756,37.329,-0.1442,0.13258857041125,0.0,0.5363,0.1854,0.237,0.0718,0.0277,0.0789,0.0
1151,DDS,1.0,-0.0954,7.51,0.2928,2.975,0.2928,1026344709.19,16.1061,6.3485,0.0,0.92749057995574,0.0056,13.2702,0.1079,0.7892,0.1419,-0.0901,0.0,0.0
1155,MTCH,1.0,0.0787,1.73,1.0759999999999998,3.2539,1.0759999999999998,445977416.74,14.9733,19.7094,-2.7556,0.0,0.0468,0.0,0.2979,0.0,-0.0791,0.015,-0.0682,0.0
1160,TIVO,0.0,0.0826,-2.84,2.6829,7.4704,2.6829,22265733523.11,33.4026,7.3552,0.0228,0.76182116582701,0.0765,4.9013,0.0435,0.6008,-0.0119,0.0491,0.0331,-0.0025
1166,LPSN,1.0,0.1865,-0.42,0.5649,9.6968,0.5649,551605288.96,13.3856,250.2657,0.0754,0.46989125842433,0.0,0.9662,0.1858,0.3583,-0.024,0.0201,0.015,-0.0269
1168,KMX,1.0,0.1572,3.64,2.4188,17.2475,2.4188,16139003361.8,21.1755,-139.0205,0.1264,0.27587534310772,0.0,0.4662,-0.4054,0.2192,0.1577,0.1508,0.0094,0.1031
1178,FUL,1.0,0.254,3.38,1.7539,11.6858,1.7539,22223193299.97,16.1404,9.6063,0.1001,0.0022707835966744,0.0128,0.0062,0.4108,0.0041,0.0,0.114,-0.0174,0.024
1180,EXR,1.0,0.639,3.29,4.2687,3.432,4.2687,108479671289.22,24.5104,16.8887,0.0972,0.74133184151911,0.0371,3.0578,0.1519,0.54,0.0885,0.0596,-0.0455,0.0192
1181,SCHL,0.0,0.7814,-0.14,0.369,0.0,0.369,1440325653.34,6.2508,11.0438,-0.0111,0.11387562724461,0.0133,0.1441,0.1601,0.0791,0.109,-0.0257,-0.1475,-0.0028
1183,ADTN,0.0,0.2475,-0.4,1.5424,1.8055,1.5424,4463638638.03,23.1151,9.2286,0.1088,0.6041653316244799,0.0335,1.5533,0.1728,0.4688,0.1534,0.1409,0.0982,0.0
1190,PGRE,1.0,6.8208,0.04,1.8373,5.0472,1.8373,2829983534.64,26.7716,19.0381,0.0638,0.22559333134209,0.0318,0.5216,0.1793,0.1784,0.0779,0.0129,-0.0187,-0.0601
1191,COO,1.0,0.2279,2.85,3.9776,551.2952,3.9776,4558592992.44,20.7069,18.9763,-0.0089,0.78135961249374,0.0002,3.6707,0.1799,0.5089,0.1192,0.1387,0.0689,-0.1347
1192,JT,0.0,2.4414,-0.0564,1.1719,0.0,1.1719,3518292028.85,18.6246,-49.50100000000001,0.0647,0.61809566222835,0.0,1.6716,0.1923,0.4532,0.083,0.0598,-0.181,0.1769
1193,WRI,1.0,-0.1391,2.57,0.6317,1.1901,0.6317,261520781.52,0.0,11.1335,0.0736,0.8605539418612599,0.1201,6.7945,-0.0803,0.5586,0.0,-0.0217,-0.0205,0.0566
1194,COMM,0.0,0.4461,0.73,1.2111,1.682,1.2111,18329028810.3,17.079,6.3757,0.0886,0.6220542463316999,0.0,1.7969,-0.7074,0.3712,0.0749,0.0795,-0.0078,-0.0201
1206,TKR,1.0,-0.001,3.93,0.4526,4.6684,0.4526,1284572318.76,1602.0,8.6269,0.0941,0.45482525814138,0.0297,0.8574,0.0002,0.34600000000000003,-0.4011,0.0802,0.0,0.1149
1208,XXII,0.0,0.1872,-0.06,0.7307,4.1087,0.7307,2927808180.44,14.9013,-17.3591,0.1543,0.29214190453691,0.0,0.2557,0.3157,0.1462,0.061,0.054000000000000006,0.0685,0.0961
1209,CLGX,1.0,0.2096,1.5,2.0517,11.5336,2.0517,3620861060.608,8.0063,7.5817,0.0227,0.68031642624476,0.0,2.1927,0.6997,0.4657,-0.0889,-0.1283,-0.1108,-0.0455
1214,BRO,1.0,0.4057,1.24,1.7343,0.8435,1.7343,19149475931.85,20.5022,13.5588,0.3362,1.0474706744868,0.0111,-22.0888,0.3229,0.6736,0.2275,0.1402,0.1556,0.1
1215,ALSN,1.0,0.1362,4.81,1.6272,2.1951,1.6272,5765329014.69,18.137,6.801,0.1253,0.21343275517372,0.0137,0.3764,0.246,0.214,0.1016,0.0435,0.1179,0.1297
1218,G,1.0,0.1532,1.48,0.487,4.0804,0.487,1252429430.94,15.0632,15.1114,0.0423,0.76141421164058,0.0111,0.8373,0.1453,0.3476,0.06,0.0217,0.0261,0.0
1219,CFX,1.0,0.7895,1.16,0.4551,6.9392,0.4551,2801794179.86,20.988000000000003,10.8208,0.2388,0.33981841763943,0.0,0.6802,0.0425,0.2316,0.0,-0.0085,-0.1388,0.0822
1221,GPC,1.0,0.1727,5.53,1.3863,5.4042,1.3863,2518999890.96,15.5043,12.3055,0.225,0.0,0.03,0.0,0.2153,0.0,0.2006,0.2328,0.2034,-0.0169
1225,NBIX,1.0,0.9323,0.23,0.2804,7.2962,0.2804,773498770.59,0.0,63.8848,0.0902,0.5795784883720899,0.0,1.4382,-1.0598,0.3424,0.0,0.1389,0.0,0.0
1227,JAZZ,1.0,0.2951,7.45,1.0786,1.6965,1.0786,14567067153.86,20.2032,9.3597,0.2,1.1832399106113998,0.0,-6.4599,0.1249,0.8368,0.1039,0.1077,0.0719,0.1071
1228,CMCO,1.0,0.3262,0.97,1.3889,4.7717,1.3889,3082216133.6,17.9779,11.5238,0.3014,2.6303716608595,0.0046,-1.6251,0.1941,1.6734,-0.0186,0.113,0.0659,0.0909
1231,BVN,0.0,-0.0263,-0.05,0.6862,0.0,0.6862,4971748222.35,0.0,11.8982,0.0909,0.5156367544331,0.0055,1.2157,-0.0354,0.3318,0.0,-0.0196,-0.0428,0.0647
1236,CATM,1.0,0.1643,0.08,0.6971,6.9599,0.6971,4726162111.74,14.7343,3.587,0.2364,0.040195907090768986,0.0,0.0468,0.1065,0.0313,0.1885,0.0565,0.0565,0.2721
1240,ORLY,1.0,0.2445,16.27,0.8868,1.8256,0.8868,1450588127.96,4.9178,15.9661,0.0483,0.60476612070238,0.0,1.5878,0.2938,0.3524,0.1887,-0.0034,0.0468,0.0539
1244,HOG,1.0,0.1805,3.21,1.5156,1.2695,1.5156,11549059815.6,16.6168,4.6071,0.0717,0.60979510925167,0.0434,1.5832,0.1965,0.5608,0.1555,0.1025,0.1033,0.0093
1260,DLX,1.0,-0.1463,3.18,0.14800000000000002,2.3768,0.14800000000000002,96010932.16,4.0,5.2459,0.0466,0.43328212855357,0.0312,0.7645,0.1925,0.2002,-0.1285,-0.0407,0.0,0.1092
1263,LMNX,1.0,0.464,0.42,1.194,3.3835,1.194,5634796050.0,12.4565,20.2409,-0.0437,0.0,0.0104,0.0106,0.4662,0.0041,0.1557,0.1241,0.1276,0.1259
1264,AAP,1.0,-0.0004,5.75,0.6967,2.0294,0.6967,2266044611.18,0.0,14.1522,0.034,0.51413402209786,0.0015,1.1875,-0.0003,0.3951,0.0,0.0902,0.0676,0.0722
1275,LZB,1.0,0.2674,1.69,1.0652,0.9166,1.0652,6116003526.75,14.1051,11.6926,0.1833,1.0931097988528,0.016,-11.775,0.1142,0.8366,0.2483,0.1229,0.1025,0.0726
1276,FTSI,0.0,-0.5937,6.54,1.6379,1.4174,1.6379,804664929.6,22.7045,2.0191,0.1038,0.7353419767991201,0.0,2.785,0.6028,0.4103,0.0,-0.0575,0.0,0.0406
1284,XON,0.0,0.1245,-3.93,1.4741,30.5228,1.4741,3429031445.56,19.6613,-7.2233,0.2329,0.0,0.0,0.0,0.1484,0.0,0.0389,0.0826,0.0755,-0.0437
1287,WWD,1.0,0.0782,2.93,0.1775,2.249,0.1775,883716571.21,13.3476,16.4511,0.1967,0.42152843186831,0.0069,0.8270000000000001,0.0527,0.3882,0.029,0.0916,0.1075,0.1404
1292,AMP,1.0,0.0163,14.41,0.1869,1.969,0.1869,309877400.48,122.8,5.6005,0.0915,0.16346337932670002,0.0338,0.4348,0.0293,0.2455,0.0,0.0511,0.0284,0.0462
1294,WSO,1.0,0.2995,6.5,1.4599,0.0,1.4599,5718741692.18,18.1905,30.5332,0.1446,0.36175708267278,0.0402,0.7025,0.2825,0.3158,0.0575,0.022,-0.0418,0.0473
1295,ATO,1.0,0.1884,5.43,1.2165,3.921,1.2165,4598697143.31,19.4269,9.1706,0.183,0.39154410623846,0.0209,0.9239,0.1722,0.338,-0.0411,-0.034,-0.0379,0.1249
1298,CBAY,0.0,0.1201,-1.25,1.3803,0.9935,1.3803,1120154233.48,25.5533,-8.5151,1.5011,5.7224776959621,0.0,-1.2447,0.1321,2.8015,0.1662,0.1526,0.27,0.097
1299,STAG,1.0,-0.0915,0.8,2.4359,2.7738,2.4359,1593527435.0,0.0,13.6991,0.0003,0.43362045038471,0.057,1.1973,-0.1817,0.3489,0.0,-0.1431,-0.1204,0.5322
1308,SWX,1.0,0.0578,3.69,0.6761,2.0729,0.6761,492193896.48,20.8,7.1504,0.1398,0.26901044395543,0.0269,0.3726,0.0589,0.2035,0.0,-0.0087,-0.0358,0.2849
1313,MIC,1.0,0.1184,1.6,0.1178,1.1271,0.1178,1133687776.6,13.3099,6.0278,0.0824,0.1946919988248,0.1214,0.2418,0.0818,0.1504,-0.0248,0.0086,-0.0314,0.3822
1315,DNLI,0.0,0.2697,-0.39,0.8619,1.7105,0.8619,3244306856.6,19.0496,39.1455,0.0952,0.38837682206047,0.0,0.6896,0.1241,0.2512,0.0927,0.0639,0.1116,0.0964
1316,CHRW,0.0,0.0717,4.78,0.0044,0.0,0.0044,61305440000.0,13.8973,14.5829,0.1064,0.24628709769582,0.0224,0.3268,0.004,0.1508,0.0206,0.0607,0.0972,-0.0064
1317,SPPI,0.0,0.1024,-1.16,0.1687,5.2825,0.1687,1793678267.7,19.3606,-14.9911,0.0695,0.95284945238537,0.0,20.9764,0.0795,0.5833,0.0598,0.0627,0.0421,0.1682
1320,IDXX,1.0,0.2223,4.34,1.3901,3.7984,1.3901,4385171459.5,67.1048,40.0945,0.0412,0.54381862048367,0.0,1.2313,0.1409,0.4173,0.0031,0.196,0.0737,0.077
1322,SRPT,1.0,0.0921,-5.46,0.5901,5.0228,0.5901,474939094.4,17.2903,-18.7631,0.3666,0.4131670484432,0.0,0.7311,0.0785,0.2293,0.0654,-0.0007,0.0098,0.2485
1323,LTM,0.0,0.3926,0.3,2.3164,1.5759,2.3164,1577707166.01,15.2559,4.1148,0.0132,1.3178906917165,0.0073,-4.1712,0.3571,1.1392,0.0954,0.0738,-0.0054,0.1279
1325,CNK,0.0,0.2095,1.83,1.5428,5.6968,1.5428,518027450.16,19.6706,7.5097,0.1638,0.76241134751773,0.0358,3.2204,0.3088,0.3644,0.021,-0.0516,-0.0606,0.1661
1329,DXPE,1.0,0.0708,2.02,0.453,1.3892,0.453,1638434137.8,27.8537,13.6483,0.0441,0.66742513923052,0.0,2.0542,0.0455,0.342,-0.0402,0.0372,0.0299,0.2698
1330,NWBI,1.0,0.0602,1.03,1.6545,2.4255,1.6545,499178764.28,40.8676,12.5976,0.0563,0.0,0.0401,0.02,0.1445,0.0149,-0.0263,0.0427,0.0665,0.1267
1334,EQC,1.0,-0.3234,2.17,3.3195,4.9763,3.3195,2854350307.0,22.5045,40.7176,0.1008,0.31362556319976004,0.0833,0.4588,0.67,0.2132,0.0522,0.0756,0.0,0.1013
1336,UFS,1.0,0.1153,4.5,2.0555,2.3324,2.0555,1354130267.92,55.75,3.9887,0.0494,0.7803638199216599,0.0619,3.6616,0.1574,0.7356,-0.0565,0.0501,-0.066,0.0
1339,PSEC,1.0,0.2901,0.83,6.8812,1.8152,6.8812,63471961630.85,25.4532,6.5743,0.0481,0.0,0.1148,0.005,1.0681,0.0037,0.2611,0.221,0.3375,0.0
1349,LCI,1.0,-0.6819,0.77,2.1698,3.7839,2.1698,22104352587.68,19.4774,4.2657,0.0783,0.7084986746130699,0.0,3.5453,0.4199,0.6883,0.1759,0.1607,0.0,0.0849
1350,FLIR,1.0,0.1295,2.05,0.0163,0.4679,0.0163,184986780000.0,12.1902,16.0993,0.2103,0.74010747435271,0.0147,3.3454,0.0115,0.4484,0.0811,0.0561,0.0812,0.0508
1352,JCOM,1.0,0.2646,2.64,1.2203,0.7151,1.2203,1411625610.0,20.8583,8.5208,0.1093,0.26342810220702,0.0242,0.3576,0.3222,0.1254,0.0809,0.0768,0.0855,0.0851
1353,CTT,1.0,0.0973,-2.55,0.5848,1.1878,0.5848,655884275.85,32.4194,11.6824,0.1378,0.065263572333658,0.0761,0.07,0.1006,0.0445,0.1013,0.0545,0.0129,0.1296
1355,AHH,1.0,0.3045,0.36,1.2803,0.9421,1.2803,3638947204.2,22.1737,12.4408,0.081,0.77499966760181,0.0569,3.4444,0.1541,0.5438,0.0997,0.0999,0.0214,-0.0043
1358,SF,1.0,0.1822,5.36,0.1977,1.6748,0.1977,3813519131.3,11.6639,5.6328,0.0944,0.43991766621901,0.0116,0.8007,0.1987,0.2821,0.1098,0.0764,0.0492,0.2215
1359,RCII,1.0,0.0476,0.16,0.7875,9.4973,0.7875,83437473.24,12.8214,3.8083,0.1045,1.2937867705063,0.0,-4.5989,0.1256,0.8914,-0.0455,-0.0104,0.0483,-0.1073
1362,SERV,1.0,-0.1395,-0.3,11.3709,1.4882,11.3709,153040318.08,0.0,13.2923,0.109,0.56758331118152,0.5579999999999999,1.317,-0.1916,0.3684,0.0,-0.2379,-0.0585,0.1765
1364,WBS,1.0,0.4576,3.83,2.1426,1.0331,2.1426,2470751432.21,15.0649,9.6853,0.028,0.7452484992407901,0.0254,3.0077,0.4335,0.273,0.1422,0.0943,0.0071,0.0863
1368,BERY,1.0,0.1425,3.77,1.1442,1.4185,1.1442,163632931.69,5.9846,6.3275,0.2292,0.010028822115002,0.0,0.0117,0.2145,0.0082,0.1909,0.0237,-0.0687,0.0799
1375,CSGP,1.0,0.2135,6.61,0.9344,5.5773,0.9344,65814878.7,27.0,36.6241,0.1376,1.41538838978,0.0,-3.4536,13.2755,0.8022,0.0,-0.132,-0.2761,0.0806
1379,ARWR,1.0,0.1179,-0.65,0.7965,1.3946,0.7965,404314988.76,22.8932,-35.8069,0.0561,1.1206395674146,0.0,-9.3005,0.0887,0.7209,0.1166,0.0367,0.0996,0.0
1382,UCTT,1.0,0.1454,0.95,0.9175,1.8271,0.9175,1857429053.2,59.6,7.6796,0.237,0.6804314276949001,0.0,2.1346,0.0322,0.4406,-0.1475,-0.0348,-0.0944,0.1149
1386,CISN,0.0,-0.0539,-0.19,0.4682,2.0368,0.4682,860179082.16,0.0,12.2141,0.0217,0.38605223385694,0.0,1.5468,-0.0787,0.5127,0.0,-0.0379,-0.0386,0.0
1390,HIW,1.0,0.5379999999999999,1.64,0.2598,3.6995,0.2598,1711769161.2,10.4883,11.1648,0.0533,0.3774051059369601,0.0478,0.6324,0.1544,0.29100000000000004,0.1316,0.0434,-0.0332,0.0704
1391,BLDR,1.0,0.1591,1.79,1.2031,1.1464,1.2031,1187368439.94,19.786,4.4254,0.0746,0.24211536466438,0.0,0.338,0.1529,0.1222,0.0675,0.0329,0.0713,0.0
1394,CPS,0.0,0.0426,6.02,0.5318,1.8687,0.5318,356744604.3,38.1667,7.3912,0.1429,0.23149581087571,0.0,0.3051,0.048,0.1338,-0.026,0.0744,0.1861,0.0359
1402,GPRE,1.0,0.1445,0.39,0.9141,0.8909999999999999,0.9141,78596716.0,13.7018,13.9334,0.0233,0.44466424124142,0.0366,0.8759,0.175,0.4377,0.083,-0.0031,0.0602,0.0
1403,TERP,1.0,-0.4853,0.07,0.5588,1.1156,0.5588,221893787.97,0.0,9.2676,0.0531,0.39974947257384,0.0677,0.7017,-0.7906,0.2993,0.0,0.1092,0.2877,0.0946
1408,CFR,1.0,0.1001,6.97,1.496,0.5126,1.496,2179052599.87,16.6785,9.9989,0.0857,0.0,0.0293,0.0,0.1254,0.0,0.107,0.0627,0.1125,0.0855
1409,YPF,0.0,-0.2198,2.6109,0.0698,2.4531,0.0698,29607077.43,1.3837,1.5864,-0.2063,0.14766032219482,0.0002,0.1732,0.0948,0.0829,0.2444,-0.0205,0.0,0.0
1412,REG,1.0,0.0627,1.47,0.8998,1.8275,0.8998,281671641.45,16.5659,16.2911,0.0381,0.25014949172812,0.0378,0.4322,0.0787,0.1766,-0.0337,-0.0284,0.0483,-0.0882
1415,RPM,1.0,0.2264,2.55,1.3096,3.6007,1.3096,357236111.12,18.0833,16.9567,0.0568,0.0,0.0255,0.5329999999999999,0.2172,0.3047,0.2395,0.2143,0.1539,0.0612
1417,BWXT,1.0,0.152,2.29,0.2388,1.221,0.2388,178089828.24,6.6333,22.2949,0.0233,0.35885160522429,0.0167,0.9856,0.0851,0.3656,-0.0662,0.0449,-0.0873,0.0891
1423,ADVM,1.0,0.1358,-1.18,0.4970000000000001,1.4795,0.4970000000000001,98932130.0,8.0692,-3.6698,0.1034,0.15578164871632,0.0,0.1968,0.1141,0.1221,0.0962,0.0714,0.1301,0.0866
1426,DNKN,1.0,0.0616,2.75,0.3165,1.7841,0.3165,185981060.46,14.8989,19.6916,0.0871,0.39979459910006,0.0217,0.687,0.0694,0.2683,-0.035,0.0438,0.0134,-0.0199
1432,COLD,1.0,0.0465,0.31,0.3248,0.0,0.3248,87477652.76,13.2874,20.0689,0.058,0.50707596253902,0.0275,1.0832,0.0464,0.3255,-0.099,-0.0448,-0.0003,0.0242
1438,VRNS,1.0,0.0944,-0.98,0.4672,2.6653,0.4672,615682685.4,22.8333,66.2002,0.0371,0.41027256825483,0.0,0.7801,0.0841,0.264,-0.0374,-0.0138,-0.0007,0.0259
1444,NAV,1.0,0.2117,3.44,4.0,19.823,4.0,142090328.64,19.5676,12.3091,0.2277,0.08321809742460201,0.0,0.0908,-1.9821,0.0635,-0.1002,-0.0814,-0.0229,0.1019
1445,DENN,1.0,0.1818,0.69,0.7031,1.4707,0.7031,401466917.88,22.9655,13.8101,0.0094,0.4993721529329001,0.0,0.9975,0.1056,0.378,-0.0257,-0.0113,-0.1045,0.0457
1449,GLRE,1.0,0.08800000000000001,-9.74,0.8029,1.83,0.8029,196188621.75,15.5641,-5.2885,0.0899,0.0,0.0,0.0,0.1031,0.0,-0.0282,-0.0261,0.0129,0.0583
1450,PRGO,1.0,0.0531,0.95,0.4771,7.3128,0.4771,126803967.12,11.5814,8.8776,0.123,0.96205062926013,0.0196,25.3968,0.0927,0.7789,-0.0114,0.0262,-0.0158,0.0758
1451,RRR,1.0,-0.0404,2.28,1.0952,3.3411,1.0952,2832396479.38,0.0,6.8414,0.2297,0.0,0.0098,0.0,-0.0736,0.0,0.0,0.02,0.0469,0.2267
1454,MSA,1.0,0.0918,3.23,0.9011,8.3646,0.9011,288894644.64,15.8343,13.741,0.0541,0.36849296730646,0.0158,1.0923,0.1213,0.3857,0.0006,0.0507,0.0452,0.0582
1457,ACM,1.0,0.0726,0.86,0.2234,10.3035,0.2234,48841450.13,3.6667,6.8044,0.0724,0.28012178692037,0.0,0.4699,0.07,0.2266,0.0729,0.0891,0.2405,0.1465
1462,CLDX,0.0,0.0944,-14.48,1.4197,3.502,1.4197,189865166.14,16.5532,-0.4585,0.0454,0.51088080006704,0.0,2.967,0.0809,0.5881,0.0896,0.126,0.0206,0.212
1463,CZZ,1.0,-0.1143,1.0302,2.6519,19.088,2.6519,849455476.65,0.0,1.5555,0.0624,0.5502023269189499,0.0024,1.2562,-0.0443,0.3844,0.0,-0.0115,-0.0628,-0.0108
1470,RBBN,0.0,0.0744,-0.74,1.2015,4.2233,1.2015,680829443.15,28.5688,-53.5095,0.0109,0.36618988534271,0.0,0.5778,0.1141,0.192,0.0526,0.0984,0.077,-0.1105
1471,RYI,1.0,0.138,2.84,0.5459,2.756,0.5459,79621244.64,14.7044,4.1358,0.0523,0.29074558543837,0.0,0.4099,0.193,0.1809,-0.0185,0.0327,0.0056,0.0
1473,SENS,0.0,0.0648,-0.6,0.389,17.8934,0.389,637333014.5,20.9896,-5.0461,-5.5458,0.0,0.0,0.0,0.0528,0.0,-0.0246,0.0552,0.0253,0.0
1476,WTFC,1.0,0.0919,5.95,0.4566,3.8554,0.4566,247010247.0,15.4468,9.9409,-0.2392,0.35815602836879,0.0114,0.5681,0.0995,0.2452,-0.0159,0.043,0.1028,0.0271
1485,WLH,1.0,0.056,2.42,0.3053,5.3912,0.3053,137125314.36,16.9612,14.6217,0.1246,0.0,0.0,0.0,0.0473,0.0,0.0,0.0843,0.0657,0.0636
1491,CETV,1.0,0.1472,0.45,0.5994,8.8158,0.5994,246621650.0,11.8534,6.3404,0.112,0.6429133238949201,0.0,2.3154,0.153,0.3833,0.04,0.0883,0.0513,0.1066
1492,THS,0.0,0.1256,-1.1,0.8506,4.0825,0.8506,71589170.62,11.4688,5.6141,-0.1217,0.74308684140619,0.0,3.3166,0.1173,0.6254,0.0618,0.0577,0.0974,0.1226
1493,AMBA,1.0,0.0104,0.57,0.304,4.9927,0.304,110416597.2,58.5,19.6554,0.0214,0.1871747883826,0.0,0.2303,0.0094,0.1155,-0.2647,-0.1166,-0.0743,-0.1556
1494,RRD,0.0,0.1417,-0.16,0.8858,5.1477,0.8858,608644215.52,14.4138,1.3699,0.0799,1.2682442802654998,0.0859,-4.7344,0.1536,0.8948,0.0,-0.0187,-0.0296,-0.0603
1498,COUP,1.0,-0.2252,-0.83,19.6806,2.8106,19.6806,330558000.0,0.0,107.2265,0.3409,0.0,0.0,0.0,-1.3695,0.0,0.0,-0.2252,0.1102,0.0397
1501,MITK,0.0,-0.568,-0.33,0.6072,3.5817,0.6072,21468020.0,0.0,45.3481,0.1029,0.0,0.0,0.0,55.5722,0.0,0.0,0.7512,-0.1102,-0.025
1505,BCE,1.0,0.0819,2.2963,0.2842,2.6857,0.2842,16868702.76,15.9688,6.49,0.0626,0.56985871271586,0.0433,1.3455,0.0557,0.4088,0.0,0.02,0.109,0.103
1510,FANH,1.0,0.0063,1.4182,5.846,4.9957,5.846,257094905.2,315.5932,18.4369,0.2065,0.0,0.0063,0.0,0.0061,0.0,-0.1491,0.0336,0.25,0.0302
1511,INFN,1.0,-0.0334,-1.36,0.7919,7.3512,0.7919,29543040.0,0.0,-7.0466,-0.5317,0.0,0.0,0.0,-0.0341,0.0,0.0,-0.1206,-0.0307,0.0739
1513,PTN,1.0,1.2163,0.12,0.379,1.3239,0.379,90188765.64,0.0,114.3228,0.0659,0.0,0.0,0.0,1.1754,0.0,0.387,-0.0152,-0.2389,-0.1173
1516,ARCH,0.0,-0.21600000000000005,15.9,0.0399,5.6689,0.0399,9504060.0,0.0,3.7328,0.106,0.0,0.0193,0.0,0.1253,0.0,0.0,-0.6424,-0.5716,0.1216
1517,AM,0.0,-0.1955,0.33,0.3916,0.0,0.3916,11752786.8,0.0,24.9241,-0.0314,1.7854372759528,0.0404,-2.2975,-0.1936,0.8344,0.0,-0.0714,-0.1245,-0.1291
1520,REDU,0.0,-0.0216,0.3647,1.7372,5.4829,1.7372,76534681.25,0.0,8.2339,0.0835,0.0,0.0,0.0,-0.0365,0.0,0.0,-0.1496,-0.0737,-0.0456
1521,R,1.0,-1.2182,5.2,0.4468,3.659,0.4468,198449676.0,0.0,1.5633,0.1222,0.29624074987667,0.044,0.4693,-0.7211,0.2121,0.0,-0.0612,-0.1024,0.0145
1524,AVD,1.0,0.0621,0.83,1.1840000000000002,2.8119,1.1840000000000002,33402216.61,22.0769,40.5924,0.1031,0.10075179295891,0.0053,0.112,0.067,0.0888,0.0,0.0601,0.3098,0.0314
1530,HE,1.0,-1.5572,1.85,0.0975,1.3148,0.0975,103031148.0,0.0,7.9853,0.1362,0.11622068054179,0.0339,0.1315,-0.7438,0.0755,0.0,-0.0345,-0.2377,0.1005
1532,CCOI,1.0,-0.1048,0.63,0.904,49.5589,0.904,87219450.0,0.0,15.6883,0.0388,0.50148995246175,0.0469,1.01,-0.0788,0.3539,0.0,-0.0232,-0.0969,0.0932
1538,FBM,1.0,0.1092,-0.28,1.9989,4.0062,1.9989,223459019.1,16.645,5.1485,0.0566,0.43261470618607,0.0,0.8102,0.1463,0.3469,0.0427,-0.0051,0.0156,0.0878
1540,CNSL,0.0,-1.3807,-0.73,0.1559,1.2673,0.1559,22659512.96,0.0,1.9701,0.1173,0.0002720175541995,0.1569,0.1247,-0.7359,0.0715,0.0,-0.1327,-0.2233,0.0885
1550,AVDL,1.0,0.2109,-2.55,1.1122,3.718,1.1122,7136120800.65,10.5349,-1.1544,0.3007,3.5530973451327004,0.0,-1.4835,0.1177,0.6198,0.0,0.066,0.0588,0.0815
1553,NLNK,1.0,0.2964,-1.44,1.4129,0.5093,1.4129,28004290950.48,13.0485,-10.2266,0.1346,0.0,0.0,0.0,0.1785,0.0,0.1857,0.1228,0.03,0.0
1554,FLOW,1.0,0.1687,1.04,2.1412,6.7542,2.1412,25290067878.54,12.97,12.2579,0.027000000000000003,0.0,0.0,0.0,0.0634,0.0,0.0854,0.0612,0.0684,-0.1995
1555,MKSI,1.0,0.378,7.22,6.551,3.2611,6.551,17947111785.3,26.5645,8.4297,0.0587,0.67074374900462,0.0121,2.0371,0.7766,0.4965,0.0667,0.0705,0.03,-0.0692
1556,CWT,1.0,0.4229,1.36,3.0637,1.9807,3.0637,92750996829.68,19.513,12.7971,-0.0939,0.29974124887154,0.0157,0.436,0.3903,0.1438,0.0663,0.0575,0.03,-0.0416
1561,FDS,1.0,0.1696,6.9,0.8417,3.8126,0.8417,39568609115.96,16.0662,22.8151,0.031,0.5528208081714899,0.0105,1.239,0.1076,0.4433,0.0005,0.0398,0.07200000000000001,0.0093
1563,HSC,1.0,0.2083,1.7,1.6078,1.539,1.6078,37495733940.0,17.9957,8.3064,0.0369,0.6501859209656701,0.0,1.9342,0.3708,0.384,0.1365,0.0647,0.0345,0.1194
1565,SAIL,0.0,0.2781,0.04,1.5191,2.4014,1.5191,85216101417.59,11.0172,54.9321,0.0652,0.0,0.0,0.0212,0.5934,0.0159,0.1121,0.0436,0.0651,0.1848
1567,AT,1.0,0.3354,0.33,1.7863,3.2005,1.7863,29025884356.63,11.015,1.7359,-0.0204,0.18776734043445004,0.0,0.254,0.5234,0.1474,0.0913,0.0167,0.0322,0.0
1568,PACW,1.0,0.3021,3.72,3.4438,2.027,3.4438,37669912926.9,26.1336,6.665,0.1315,0.0,0.0691,0.1972,0.6133,0.091,0.0544,0.0821,0.0026,0.0
1573,APPN,1.0,-0.0374,-0.8,0.4608,1.8825,0.4608,1410842716.14,0.0,-54.2975,0.0675,0.27453326162593,0.0,0.4207,-0.0174,0.2553,0.0,0.0339,-0.0802,0.0825
1574,RHE,0.0,0.2305,-11.86,3.062,4.7754,3.062,66792233578.8,14.1924,1.9468,-0.0021,0.61208057794398,0.0,1.5872,0.0958,0.1691,0.1892,0.0693,0.0627,-0.1086
1576,WMS,1.0,1.164,1.0,1.6462,10.8198,1.6462,66729216522.1,18.6876,10.1552,-0.01,0.53003053220986,0.0113,1.244,0.5965,0.4029,0.1086,0.0445,-0.0566,0.0003
1578,DHT,1.0,1.9611,-0.33,1.4681,3.9108,1.4681,85684609179.21,17.8866,10.3836,-0.069,0.11026266094623,0.0204,0.3351,0.2322,0.1771,0.0449,0.0544,-0.157,0.0
1582,AAWW,0.0,0.0965,10.6,1.6758,2.6875,1.6758,15275014752.56,20.5561,2.5369,0.1101,0.11706082939171003,0.0,0.1978,0.1079,0.1163,0.0574,0.0653,0.1109,-0.0302
1585,INO,0.0,0.1376,-1.05,0.3692,4.6102,0.3692,6686941588.92,16.5684,-5.1854,-0.0536,0.0,0.0,0.0,0.1347,0.0,0.0784,0.0489,0.0797,0.0
1587,AAOI,0.0,0.2553,-0.11,1.4487,1.8084,1.4487,799474992.3,16.163,21.7758,0.0919,0.032670719427143995,0.0,0.0356,0.1985,0.0238,0.1856,0.0981,0.1534,0.1814
1588,ERI,1.0,0.3393,1.23,1.2754,10.4304,1.2754,12720327482.34,17.3302,8.6685,0.1245,0.026371029841457,0.0,0.0271,0.2857,0.0168,0.1181,0.0951,0.0313,0.0146
1591,OSTK,0.0,0.1277,-6.83,2.4028,3.7486,2.4028,25256016421.35,16.4893,-3.1421,0.0223,0.34610538479032005,0.0,0.5427,0.0532,0.2632,0.0516,0.0531,0.0599,0.0032
1592,FOXF,1.0,0.4095,2.22,0.8113,1.3829,0.8113,1880058321.94,10.4527,34.815,0.087,0.0,0.0,0.0076,0.1196,0.0067,0.0,0.1271,0.2103,-0.0536
1594,AZPN,1.0,0.2422,4.07,1.896,2.1816,1.896,5703240450.23,45.7797,32.6821,0.1205,0.020707109025286,0.0,0.0394,0.049,0.0256,0.0031,0.0302,-0.1009,0.0
1595,DCI,1.0,0.3604,1.38,1.4637,3.8562,1.4637,34435741782.4,17.9648,23.4015,-0.1262,1.7028312038976,0.0153,-2.8323,0.5049,0.9717,0.1034,0.0398,-0.047,0.0
1598,ONVO,0.0,0.1201,-0.32,0.4666,5.1586,0.4666,2845307326.68,12.3571,-3.6488,0.0264,0.6380548951250601,0.0,1.8002,0.1645,0.5737,0.0298,0.0679,0.0813,0.0
1600,IRBT,0.0,0.2311,3.18,0.8765,3.2076,0.8765,16753802644.8,10.4867,32.3427,-0.1896,0.5695238095238101,0.0,2.0956,0.1936,0.5106,0.0443,0.0401,0.0684,-0.4553
1603,BURL,1.0,0.0467,5.64,2.2381,3.9958,2.2381,1061342878.58,44.0714,12.7898,0.0941,0.12552406296287,0.0,0.1435,0.0728,0.0826,0.0756,0.1828,0.172,-0.0778
1606,AAN,1.0,0.3286,2.84,1.3587,5.8732,1.3587,8407194503.68,19.8808,8.091000000000001,0.0293,0.0,0.003,0.0,0.1411,0.0,0.1087,0.1042,0.0805,-0.1067
1607,SOI,1.0,0.1404,1.6,0.8227,0.0,0.8227,11417381263.2,19.2372,4.8971,0.0592,0.24906662107588,0.0083,0.3741,0.1231,0.2314,0.0506,0.0521,0.0154,0.0805
1613,LPG,1.0,0.1302,-0.38,3.0845,0.4848,3.0845,400440000.0,11.9509,7.2771,-0.2076,0.0,0.0,0.0,0.1081,0.0,-0.0823,-0.042,-0.0861,-0.1753
1614,SOHU,0.0,0.2323,-4.11,0.7797,1.476,0.7797,1670316480.0,17.0732,8.0855,-0.0162,0.0,0.0,0.0,0.2789,0.0,0.0539,0.0524,0.1125,0.0
1615,IPHI,1.0,0.2867,-2.19,3.0563,2.7073,3.0563,11825357002.68,23.0621,18.1449,0.1453,0.22724518559498,0.0,0.344,0.2447,0.1789,0.1238,0.1018,0.0908,0.1563
1616,FGEN,0.0,0.3094,-1.03,2.2251,4.9791,2.2251,5994942448.74,20.9247,-51.6493,0.0632,0.0,0.0,0.0,0.6383,0.0,0.0723,0.0615,-0.0179,0.0
1617,BAP,1.0,-0.0703,14.7441,0.3874,0.8385,0.3874,2953235781.25,0.0,-488.1895,-0.0622,0.23989864448953,0.0058,0.8083,-0.0613,0.3033,0.0,0.2989,0.3291,0.0
1620,OCSL,1.0,0.3963,0.33,1.1576,5.5243,1.1576,6733769306.94,11.8143,13.0926,0.1424,0.0,0.0805,0.0,0.0874,0.0,0.1012,0.0402,0.0007,-0.0263
1621,MBUU,1.0,-1.666,1.37,5.693,61.18899999999999,5.693,19837218000.0,21.3489,15.2495,0.0506,0.36273125834113,0.0,1.7401,0.4038,0.5039,0.0958,0.1159,0.0,0.0
1622,ACHN,1.0,0.1906,-0.51,0.479,1.1989,0.479,2440925391.6,12.0857,-3.5541,0.1065,0.28233331334081,0.0,1.0946,0.3274,0.3265,-0.0222,-0.0637,-0.022,0.0
1627,ENPH,1.0,0.1517,-0.12,1.7318,2.5228,1.7318,3105228395.85,13.9421,31.176,0.0,0.20116374667797,0.0,0.2527,0.0765,0.1405,0.1619,0.0435,0.0492,-0.0731
1628,CADE,1.0,0.1983,1.99,1.2691,5.3267,1.2691,16132263535.58,16.4308,7.3402,-0.0728,0.0,0.0328,0.0,0.2128,0.0,0.0808,0.0743,0.0711,-0.2709
1630,APAM,1.0,0.1132,2.84,1.0476,514.9625,1.0476,648739294.56,15.75,5.1038,0.0444,1.7253206219497998,0.1443,-17.3581,0.0485,0.7757,0.0212,-0.0914,0.1131,-0.1141
1632,HLIT,1.0,0.0185,-0.25,3.6624,5.1443,3.6624,4571340000.0,82.0556,33.3127,0.0842,0.0,0.0,0.3443,0.0129,0.1452,-0.2566,-0.0634,-0.0262,0.1568
1639,MLI,1.0,0.1959,1.84,2.9011,1.2927,2.9011,5862090482.27,20.989,8.024,-0.0056,0.00052635953126299,0.0171,0.0011,0.3562,0.0008,0.0992,0.0716,0.0577,-0.1153
1643,BAND,1.0,0.1409,0.96,1.8386,1.8273,1.8386,23829453627.3,32.1506,32.0185,-0.3348,0.0,0.0,0.0,0.0717,0.0,-0.0236,0.0205,0.0077,0.0
1647,SSP,0.0,0.0742,0.25,0.0087,1.8745,0.0087,34538400000.0,17.9773,9.0055,-0.0099,0.18248805196471,0.0127,0.2232,0.0015,0.1467,-0.0328,0.0238,0.0359,-0.0704
1656,DLTH,0.0,0.0777,0.73,0.3993,8.1247,0.3993,2005080000.0,13.5882,20.3671,0.0382,1.0388656320557,0.0,-29.4805,0.071,0.9099,-0.0328,-0.0277,0.0411,0.5544
1657,LII,1.0,0.0964,8.84,1.2177,1.1818,1.2177,97078002.12,19.8,17.7929,0.0794,0.20724265720713,0.0111,0.2614,0.1034,0.1604,0.0513,0.1255,0.214,0.0158
1661,EGRX,1.0,0.1663,2.16,1.0786,3.0472,1.0786,2181315712.0,25.8065,11.4701,0.0455,1.0763473985895,0.0,-14.1472,0.1202,0.7405,0.17600000000000002,0.117,0.0282,0.0252
1674,FIVN,1.0,0.1012,0.0,0.9285,4.0028,0.9285,538201150.74,19.8088,66.5297,0.416,0.0,0.0,0.0,0.1014,0.0,0.0176,-0.0191,0.0917,0.0653
1675,EGHT,1.0,0.0443,-1.14,0.8756,2.2348,0.8756,1949625288.84,34.8468,76.3108,0.1761,0.50905797101449,0.0,1.1313,0.0274,0.354,-0.0879,0.0454,0.0535,0.0793
1677,JKHY,1.0,0.2584,4.73,0.8311,0.0,0.8311,917934684.4,13.6232,24.4932,0.1119,0.55363678540131,0.0104,1.3518,0.249,0.2916,0.0702,0.039,0.2193,0.0328
1680,EPAY,1.0,0.1597,0.24,0.321,1.7472,0.321,6205077552.09,15.4377,30.1569,0.0131,0.6332880019982801,0.0,2.7838,0.2344,0.4924,0.0634,0.0342,0.0344,0.0092
1681,BAS,0.0,0.127,-5.46,4.6868,2.0113,4.6868,927479896.98,46.7297,1.372,0.0611,0.4576736669976501,0.0,0.953,0.1374,0.358,0.36,0.1686,0.0565,0.0238
1686,ICLR,1.0,0.0706,5.96,0.3822,2.0343,0.3822,4630073437.0,15.4545,25.9729,0.1197,0.34865306825028003,0.0,0.8767,0.199,0.3053,0.0796,0.0723,0.1315,0.0381
1690,VRA,1.0,0.2345,0.2,2.0742,1.1126,2.0742,6861520622.88,17.1787,7.6138,-0.0797,0.56662722650379,0.0,1.385,0.3245,0.3631,0.2143,0.1205,0.1589,0.0
1691,WLKP,1.0,0.0778,1.51,0.2545,1.0722,0.2545,474802565.0135,7.2419,1.7841,0.1187,0.38610503629045,0.0669,0.8144,0.1152,0.2913,-0.0125,-0.0305,0.0322,0.0626
1692,BFAM,1.0,-0.0358,2.72,3.5366,4.8198,3.5366,5797412887.2,0.0,21.9572,0.0977,0.42346502479904,0.0,1.3147,-0.027000000000000003,0.2222,0.0,0.0638,0.063,0.1941
1693,IOVA,1.0,0.443,-1.27,0.6609999999999999,3.906,0.6609999999999999,8907613631.14,17.6193,-10.765999999999998,0.0879,0.41686902080103,0.0,0.7529,1.0776,0.2693,0.1139,0.1076,0.0563,0.1296
1695,SUP,0.0,-0.1956,0.29,0.2633,2.6405,0.2633,328289174.4,0.0,0.7709,0.1013,0.90432470081682,0.0748,9.452,-0.2003,0.2987,0.0,0.1503,0.1976,0.0715
1697,TRXC,0.0,0.192,-0.3,3.3933,1.3941,3.3933,5553334706.4,28.4399,-10.0722,0.1732,0.96835690288304,0.0,39.6914,0.4652,0.3981,0.2307,0.1936,0.634,0.036000000000000004
1701,AVT,1.0,-0.0022,-1.3,9.4345,8.1323,9.4345,6715116272.7,0.0,19.944000000000006,0.0513,0.4987552462136,0.0173,0.9958,-0.0081,0.3713,0.0,0.1183,0.1477,0.0764
1704,NVCR,1.0,0.0796,-0.69,0.4437,1.6711,0.4437,4148738880.68,13.7881,-1669.7556,0.11,0.32692294438677,0.0,0.512,0.0973,0.1736,0.0338,0.0983,0.1333,0.1145
1705,DAR,1.0,0.1647,0.62,2.8901,1.4845,2.8901,3435306094.8992,25.7,7.9476,0.0558,0.50625067163377,0.0,1.0274,0.3025,0.3081,0.1799,0.1471,0.1023,0.0585
1708,CRIS,1.0,0.1555,-0.98,1.9682,2.9743,1.9682,1449301336.8,20.2619,-0.76,0.1126,0.18571597773303,0.0,0.27,0.1342,0.1236,0.0148,0.0483,0.0214,0.1115
1711,AJG,1.0,0.1371,3.47,1.4355,1.4371,1.4355,1623287864.52,23.0,17.6907,0.1879,0.4225428370423,0.0223,0.8183,0.1733,0.2056,-0.0162,0.0198,0.0285,0.1982
1713,GMLP,0.0,0.0978,0.86,3.4325,0.0,3.4325,10249163865.0,39.9338,5.4328,0.1799,0.62785408100779,0.1979,1.8404,0.3178,0.515,0.1529,0.1772,0.185,0.0605
1718,SANM,1.0,0.133,-1.37,0.4035,6.7867,0.4035,1087808927.04,14.9827,11.7697,0.08,0.29478716951511,0.0,0.4281,0.1913,0.1875,0.0304,0.0986,0.0608,0.1267
1720,MOD,0.0,-0.2394,0.44,0.2442,2.7475,0.2442,380707617.75,0.0,8.2071,0.0498,0.5556487989090501,0.0,1.2505,-0.2485,0.4106,0.0,-0.0311,-0.1178,0.0287
1721,MGI,0.0,0.1118,-0.37,0.7748,1.0375,0.7748,3012957428.84,12.7064,3.7963,0.0809,0.35828536104779,0.0,0.6126,0.1209,0.234,0.293,0.1345,0.0975,0.0658
1722,WBC,1.0,0.1534,7.46,0.462,3.7155,0.462,3036148262.51,9.8835,11.9527,-0.0006,0.3930789033571,0.0,0.685,0.0366,0.3198,0.049,0.0324,0.0457,0.1918
1723,SNA,1.0,0.3668,12.15,2.5096,1.6891,2.5096,6960839304.54,25.2995,10.6426,0.0585,0.26218773445598004,0.0235,0.3554,0.4285,0.2241,0.1337,0.1528,0.0439,0.1463
1726,CLDT,1.0,0.1427,0.66,2.0573,0.9699,2.0573,676800000.0,7.1593,9.539,0.1387,0.4108911282948,0.0747,0.6975,0.2761,0.2496,-0.7556,-0.7355,-0.7137,0.1031
1736,TNK,1.0,0.1062,-0.2,0.7512,10.4107,0.7512,1577565768.0,17.6923,-34.4444,0.1982,0.46002479082739,0.0323,0.9713,0.1009,0.3535,0.037000000000000005,0.0706,0.0996,0.0188
1737,SATS,1.0,0.3199,-0.42,2.5698,2.1933,2.5698,4339523867.95,20.6925,3.8987,0.0346,0.63668169279419,0.0,1.803,0.3147,0.4161,0.1224,0.091,0.0892,0.2617
1739,SLGN,1.0,1.8439,2.03,1.6229,1.8646,1.6229,5627388859.5,30.024,5.1583,0.0203,0.98209511463988,0.0169,56.1131,0.411,0.7029,0.0588,0.0383,-0.1566,0.2823
1741,HMC,1.0,0.213,5.1677,4.1715,2.5722,4.1715,5240226525.4,24.8846,6.9974,0.5239,1.6664853101197,0.0003,-2.7453,0.6101,0.6313,0.1207,0.1011,0.0792,0.0945
1746,HOV,1.0,0.0329,0.75,0.7597,1.0896,0.7597,3005534556.25,46.7949,-3.2421,0.0179,0.84738041002278,0.0,5.6183,0.0306,0.6151,0.0602,0.1697,0.2741,-0.0067
1749,DMRC,1.0,0.2093,-2.86,1.442,0.9846,1.442,312040000.0,5.4603,-8.126,0.0938,0.36698432366979,0.0,0.6588,0.1044,0.2505,-0.0796,-0.0779,0.0798,0.0549
1751,UEPS,0.0,0.0539,1.13,0.9516,1.9632,0.9516,935584656.6,28.4615,3.911,0.0395,0.56404231089021,0.0,1.3821,0.0575,0.3643,0.0035,0.0353,0.0831,0.1094
1754,SAIC,1.0,0.0672,4.13,0.9126,2.5948,0.9126,500406927.12,29.2688,14.7217,0.2049,0.17273570999618,0.0166,0.2136,0.1477,0.1119,-0.0767,0.027000000000000003,0.0101,0.1388
1755,DIOD,1.0,0.0999,2.09,1.3234,1.5764,1.3234,2841953580.0,12.7718,8.7307,-0.0165,0.6092733955329399,0.0,1.5630000000000002,0.0741,0.4554,0.1209,0.0988,0.149,0.0
1760,MYOK,1.0,0.0721,-1.76,0.7127,1.1333,0.7127,1689912300.65,27.8636,-30.3576,0.0987,0.39647531457561,0.0,0.6576,0.0669,0.3218,-0.0282,-0.0076,0.0338,0.1012
1766,GDS,1.0,-0.5159,-3.44,1.7408,2.9485,1.7408,217659186.03,0.0,-209.2587,0.4126,0.00077245712173281,0.0,0.0009,-1.0604,0.0006,0.0,0.1356,0.0494,0.043
1768,LOPE,1.0,0.1735,4.81,1.4353,5.0374,1.4353,4177144078.66,18.0507,23.2441,0.0917,1.0701152566145,0.0,-15.6497,0.2567,0.9505,0.0861,0.1136,0.1079,0.6776
1769,TCMD,1.0,0.544,0.36,3.1871,1.897,3.1871,4100094698.7,12.2217,93.419,0.0408,0.18008654208173,0.0,0.2203,0.7015,0.1193,0.1291,0.0798,0.1048,-0.014
1770,HVT,1.0,-0.3027,1.45,0.5274,4.2064,0.5274,548579291.84,0.0,5.5331,0.0902,0.38898266705093,0.0916,0.7369,-0.3432,0.2951,0.0,-0.0502,0.0018,0.1073
1771,GOLD,1.0,0.0782,-1.32,0.3118,0.0,0.3118,965308765.02,8.2338,8.9602,0.0434,0.00048151064203587996,0.014,0.0009,0.0315,0.0006,0.0174,0.0597,0.0645,0.0
1774,SMTC,1.0,0.2583,0.55,1.3078,4.3965,1.3078,3250640000.0,9.2653,21.8149,0.0277,0.3903986010778,0.0,0.6426,0.35600000000000004,0.3269,0.0006,-0.0964,-0.0644,0.0999
1778,DIN,1.0,0.1617,4.43,3.8051,4.1019,3.8051,1584800000.0,7.707000000000002,8.4987,-0.0281,0.5126858568287,0.0374,1.0614,0.1104,0.3147,-0.026,-0.029,0.0589,-0.033
1783,UBSI,1.0,0.0825,2.46,0.522,3.4431,0.522,568455738.09,21.3864,10.9733,0.1121,0.5589300737877401,0.0437,1.2908,0.1338,0.4183,-0.0238,0.0392,-0.0098,0.1331
1787,FLXN,1.0,-0.0234,-4.49,0.7117,2.5927,0.7117,261488824.32,0.0,-2.6714,0.0524,0.30252998672446,0.0,0.4891,-0.0447,0.1881,0.0,0.0458,0.2846,-0.0635
1789,ODFL,1.0,-0.0018,7.39,0.0957,2.6189,0.0957,462494610.58,709.0,11.2156,0.0009,0.63418671321834,0.0042,1.9297,0.0006,0.5959,-0.7631,-0.5925,0.0,0.0523
1791,NVTR,0.0,0.0471,-3.25,0.0299,4.0802,0.0299,510040000.0,7.9275,-7.4366,0.0776,0.53371976368298,0.0,1.158,0.0104,0.3783,0.0,0.0598,0.0789,-0.0451
1793,ENZ,0.0,-0.0245,-0.22,0.2793,2.4544,0.2793,239368646.88,0.0,-76.2243,0.0534,0.59878601832973,0.0,1.5973,-0.0112,0.41,0.0,-0.1102,0.0,-0.0293
1797,FCFS,1.0,0.2011,3.42,2.3581,6.3054,2.3581,4388978469.3,18.7298,13.0275,0.0134,0.35619391679291,0.0126,0.5533,0.1343,0.2188,0.005,0.0199,0.1337,0.013
1802,CNS,1.0,0.1095,2.43,0.3398,0.3981,0.3398,1198073631.35,16.6414,22.1076,0.1424,0.24959491660048,0.1113,0.3495,0.1107,0.109,0.0912,0.1021,0.1151,0.0747
1803,LM,1.0,-0.2179,3.03,0.1521,2.9914,0.1521,212078415.46,0.0,6.7633,0.1792,0.0,0.0286,0.0,-0.0845,0.0,0.0,0.0223,-0.0145,0.1277
1805,LXU,0.0,0.2576,-3.74,1.8707,2.5849,1.8707,3928082894.64,25.1308,8.9646,0.2065,0.3873037452466699,0.0,0.6715,0.4595,0.2227,0.188,0.1529,0.068,0.112
1809,NLS,0.0,-0.1769,0.49,0.9942,1.7096,0.9942,3628784362.7,0.0,15.2783,0.0704,0.32247724260622,0.0,0.5997,-0.2144,0.2752,0.0,0.2195,0.0383,0.1962
1810,SITE,1.0,0.0796,1.83,0.4489,1.7664,0.4489,850520932.08,19.07,28.8983,0.3121,0.37390155171472,0.0,0.6381,0.059,0.2535,-0.0904,-0.0188,-0.0285,0.1217
1812,MSTR,1.0,-0.1906,1.98,0.4506,1.6027,0.4506,1108800000.0,0.0,137.8526,0.0697,0.4441904446119699,0.0,0.858,-0.1127,0.2876,0.0,-0.0864,0.024,0.123
1813,COHU,1.0,0.0314,-1.01,0.6957,3.6258,0.6957,533892121.4,117.0714,18.9928,-0.0907,0.31305258259656,0.0149,0.4767,0.0531,0.1855,-0.1116,0.0198,-0.0873,0.0
1818,ZIOP,1.0,0.1558,0.96,0.5787,1.8488,0.5787,1592317949.95,14.0603,-5.3835,0.1422,0.35471672857477005,0.0,0.5636,0.1803,0.201,0.0888,0.0605,0.0778,0.1065
1827,NVGS,1.0,0.0576,-0.1,0.8173,3.0632,0.8173,1454090044.18,21.3951,6.7908,0.1065,0.32213358776746,0.0,0.4756,0.1407,0.2293,0.0087,0.1186,0.0892,0.1759
1829,MCY,1.0,1.2067,-0.1,2.3027,5.0572,2.3027,144466747.32,0.0,7.4631,0.0536,0.42126122104194,0.0484,0.7323,1.2916,0.2819,0.0,0.1001,0.0,0.0991
1830,TWOU,0.0,-0.2024,-0.69,0.5944,0.8992,0.5944,99213837.18,0.0,-923.0488,0.0877,0.0,0.0,0.0,-0.2149,0.0,0.0,0.0548,0.1062,0.0367
1834,ACTG,0.0,0.3168,-2.1,0.7619,1.3369,0.7619,2530270786.68,17.3343,7.0856,0.0216,0.52371143733313,0.0,1.2084,0.2882,0.2976,0.0564,0.0598,0.0947,0.0906
1835,GATX,1.0,-0.046,5.62,0.5217,1.1397,0.5217,50382563.4,0.0,5.2359,0.042,0.50629058084496,0.0249,1.053,-0.0967,0.4233,0.0,-0.0692,-0.1014,0.1382
1842,GBT,1.0,0.0121,-3.41,0.7254,1.7178,0.7254,1176167741.7,113.6154,-15.8385,0.0166,0.62803339157445,0.0,1.8591,0.0115,0.1862,-0.0601,0.0596,0.0814,0.0
1844,LOMA,0.0,0.1498,0.4005,0.8458,1.2375,0.8458,5927200000.0,17.8545,11.9491,0.0375,0.6914864527034101,0.0,2.627,0.0211,0.4945,0.228,0.1097,0.1411,0.0786
1849,TDS,0.0,0.0902,1.2,1.4741,2.4559,1.4741,889200000.0,7.4263,3.6128,0.0198,0.48456077382363,0.0197,1.0241,0.0278,0.4997,0.0143,0.0451,0.1429,-0.2087
1850,COWN,1.0,0.109,1.22,1.3826,1.7178,1.3826,1326090470.43,23.8944,1.1978,0.0282,0.52344927027347,0.0,1.2202,0.2208,0.4359,0.0249,0.1193,0.1141,0.0279
1854,CONN,0.0,0.117,0.21,1.6289,0.3,1.6289,1706675840.3,25.1049,20.6769,-0.0379,0.47675929050773,0.0,0.9172,0.146,0.4729,0.0543,0.1012,0.0896,0.0
1855,EZPW,0.0,-0.0615,0.73,0.6149,0.8186,0.6149,85038210.48,0.0,6.4517,0.051,1.0511560482651,0.0,-20.7391,-0.0971,0.8054,0.0,-0.1834,0.0,-0.0424
1862,MLNX,1.0,0.0912,2.54,1.5572,33.6109,1.5572,872286625.98,34.1839,18.6676,0.2394,0.94244604316547,0.0,23.0904,0.0861,0.4932,0.1828,0.1203,0.1003,0.1161
1866,CCU,0.0,-0.0531,2.3935,2.2579,3.5989,2.2579,514735350.0,0.0,7.5154,0.1206,0.63117975972983,0.0,1.7915,-0.0394,0.5154,0.0,-0.0315,0.0597,0.1224
1869,AVID,1.0,0.0799,-0.26,2.0763,0.9783,2.0763,1648667370.35,24.5683,12.5648,0.4304,0.46685780219364,0.0,0.8875,0.0959,0.3727,-0.0382,-0.0081,0.0411,0.2088
1871,SLDB,0.0,0.0905,-2.25,1.7715,3.0596,1.7715,1362298489.2,22.2472,-13.5275,0.1119,0.21310883944678,0.0,0.46,0.4692,0.2365,0.0898,0.0924,0.199,0.0829
1874,SHLO,0.0,0.2082,0.49,0.471,1.4968,0.471,341087417.23,8.1422,3.996,0.0912,0.0063134063250637,0.0,0.0174,0.0841,0.0134,0.2028,-0.0127,-0.0182,0.124
1878,TOUR,0.0,0.106,-0.2174,3.965,4.1092,3.965,1765514882.95,29.9722,16.2847,0.0394,0.23077085169151,0.0,0.3,0.1109,0.1685,0.0799,-0.0684,0.0,0.1052
1879,ITT,1.0,0.1042,3.81,1.3977,1.3503,1.3977,108690238.44,22.92,11.3729,0.0674,0.28602803681207,0.0111,0.4288,0.1158,0.2344,-0.0144,0.0183,0.0068,0.0594
1882,CHH,1.0,0.1127,3.83,1.1416,0.4571,1.1416,350020000.0,4.6864,16.4972,-0.1258,0.0,0.012,0.1855,0.0622,0.0763,-0.0766,-0.0087,0.0063,0.0
1884,PGTI,0.0,0.4673,1.03,0.4233,1.7993,0.4233,313577779.48,12.2648,9.1555,0.1261,0.053664551438987004,0.0,0.0567,2.05,0.0389,0.1063,0.1572,-0.0156,0.1395
1886,SLAB,1.0,0.0246,1.94,1.0588,23.9617,1.0588,694844983.95,71.4407,19.5948,0.0526,0.50084915394157,0.0,1.0727,0.0309,0.4335,-0.0766,0.031,0.0185,0.1215
1891,NOVT,1.0,0.2284,1.46,0.4523,0.3858,0.4523,1177592801.4,30.4747,24.5298,-0.2176,0.0,0.0,0.0,0.3393,0.0,0.0374,0.0935,0.0038,0.0
1893,MYGN,0.0,0.0808,1.92,1.0014,1.042,1.0014,591405111.38,21.5616,22.7454,0.1305,0.23625663005476005,0.0,0.5525,0.1574,0.2939,-0.0481,0.0318,0.0549,0.1267
1894,DEA,1.0,0.1428,0.09,4.3329,0.0,4.3329,4364640000.0,24.9716,15.1897,0.0741,0.34756482339498,0.0663,0.5483,0.0677,0.2531,0.2174,0.1967,0.0886,0.0791
1895,MINI,1.0,0.2071,-0.18,4.5074,7.3511,4.5074,3555476184.81,26.8033,8.8632,0.0217,0.25104737350951,0.0315,0.3445,0.5525,0.1948,0.1428,0.1196,0.1263,0.0919
1897,ERF,0.0,0.146,1.1481,0.8738,2.177,0.8738,652397537.88,18.4412,3.389,-0.0073,0.66385372714487,0.0088,2.084,0.1079,0.4831,-0.4127,-0.5157,-0.4343,-0.0166
1898,AEIS,1.0,0.1302,3.76,5.1926,0.2527,5.1926,3997400000.0,29.3377,10.923,0.028,0.65926119801289,0.0,1.95,-0.1361,0.4134,0.2102,0.1749,0.0393,0.0632
1901,NDAQ,1.0,0.2231,2.77,1.2702,0.0,1.2702,879359215.9956,13.0783,13.0097,0.0994,0.25991564285539004,0.0208,0.3594,0.2476,0.2078,0.2963,0.1535,0.1812,0.0171
1903,WSFS,1.0,0.1,4.27,1.4066,1.1545,1.4066,792034514.2,30.8814,8.7717,0.0389,0.55932233026685,0.0111,1.4581,0.0967,0.563,0.0302,0.1913,0.1253,-0.0154
1908,AAT,1.0,0.1566,0.42,1.2826,1.1804,1.2826,985054438.25,15.5392,13.8961,0.026,0.44350982034595,0.0271,0.8151,0.2532,0.309,0.0,-0.0614,-0.018000000000000002,0.1235
1917,MEET,1.0,0.1353,0.02,0.3099,2.8779,0.3099,239533312.02,7.5019,11.9718,0.118,0.0020988289128126,0.0,0.1177,0.1155,0.0492,-0.0442,-0.0268,0.0884,0.1215
1919,CALM,1.0,0.0762,2.6,0.2082,5.6401,0.2082,555326987.49,12.5088,11.2593,0.0232,0.61163542704593,0.0,1.5848,0.0669,0.4397,-0.0837,0.0391,0.0034,-0.1559
1923,LSCC,1.0,0.0891,-0.21,0.9658,3.7573,0.9658,470956640.0,15.4449,17.4183,0.1073,0.35474006116208,0.0,0.5532,0.0589,0.2869,0.0,0.0198,0.095,0.1468
1924,PTGX,1.0,-0.0354,-1.74,0.2439,3.2665,0.2439,113763267.03,0.0,-3.2589,0.1015,0.20987927839477,0.0,0.2754,-0.0334,0.1099,0.0,0.0481,0.1237,0.0271
1928,MCRN,1.0,0.1641,0.6,1.1921,0.0,1.1921,456715647.43,14.8957,6.7645,0.0699,0.16718503905690998,0.0,0.2769,0.1959,0.1279,0.0,0.1466,0.0595,0.0468
1934,SR,1.0,0.1113,4.35,0.6228,0.7838,0.6228,1105601584.78,18.3829,7.9976,0.0562,0.29002192669404,0.0312,0.5259,0.0983,0.2234,0.1467,0.0516,0.0549,0.0
1936,SIMO,1.0,-0.1594,2.72,1.3581,2.1257,1.3581,148023327.36,0.0,11.5285,0.0266,0.30958018924003,0.0348,0.4484,-0.1773,0.1519,0.0,-0.0525,-0.038,-0.0116
1937,AMED,1.0,0.1264,3.64,1.7959,3.0712,1.7959,242752387.74,16.4178,16.7103,-0.1597,0.22608183691492004,0.0,0.3468,0.1463,0.1738,0.0,0.1051,0.193,0.0
1940,AYX,1.0,0.1422,0.46,1.0497,2.7924,1.0497,1350728145.59,21.9764,139.9233,0.0822,0.7320923306031301,0.0,2.7721,0.1638,0.42,0.1334,0.0586,0.0822,-0.0412
1945,CIB,1.0,0.104,3.4801,2.1852,1.8582,2.1852,826325758.08,25.2558,13.4048,0.0876,0.2332654603199,0.0,0.4879,0.1236,0.1848,0.0534,0.0787,0.1591,0.0
1948,BLD,1.0,0.0456,3.86,0.6431,2.5084,0.6431,1478708160.72,38.375,9.5251,0.0591,0.46969470218497,0.0,0.9824,0.0892,0.3372,0.0,0.0529,0.101,-0.0365
1949,HFWA,0.0,0.1705,1.49,1.5264,0.7686,1.5264,363351099.0,13.7631,13.2918,0.0759,0.42427452835564,0.0242,0.7369,0.2203,0.3654,0.1643,0.0805,0.1271,0.2168
1953,BHLB,1.0,-0.1051,2.3,0.1084,0.8976,0.1084,127410293.28,0.0,5.5112,0.0956,0.44444751945648,0.0326,0.8017,-0.0672,0.3163,0.0,0.0126,0.0142,0.1617
1955,TSC,1.0,-0.4087,1.9,0.191,1.5432,0.191,119096073.6,0.0,6.7917,0.0556,0.23239319314941,0.0,0.3028,-0.3764,0.1643,0.0,0.0131,-0.0231,0.1506
1959,CLS,0.0,0.0711,0.71,0.8329,1.8637,0.8329,83456700.88,16.4915,36.0338,0.1125,0.062226217862274,0.0,0.0856,0.07200000000000001,0.0644,0.0767,0.0955,0.0511,0.1343
1964,HUBB,1.0,0.1068,6.57,1.1125,1.0446,1.1125,230345837.12,15.4872,10.5097,-0.1025,0.10946580686251,0.0317,1.0471,0.2234,0.3824,-0.0915,-0.0362,-0.0025,-0.135
1965,PPDF,0.0,0.118,0.2384,0.3485,0.9088,0.3485,177016429.6,16.3084,2.1907,0.0549,0.28546080551838,0.0,0.4017,0.0484,0.1724,-0.0241,0.0244,-0.0365,0.1355
1966,GLOW,1.0,-0.1178,-1.5,0.5081,1.2454,0.5081,445097677.44,0.0,-5.6067,0.0737,0.10560986447456,0.0,0.1528,-0.099,0.0922,0.0,0.0254,-0.04,0.0529
1974,VVI,1.0,-0.1796,2.4,0.8069,2.4218,0.8069,232605996.48,0.0,11.2463,-0.0186,0.49618789933442,0.008,1.0059,-0.2152,0.4958,0.0,-0.1347,-0.0886,0.0
1978,LCII,1.0,0.1199,5.9,0.6767,1.6958,0.6767,595199361.2,13.6745,10.7564,0.064,0.0014505976462302,0.0352,0.0576,0.1118,0.0448,0.1263,0.0745,0.0659,0.0973
1980,ICFI,1.0,0.0862,3.27,1.2281,2.6557,1.2281,29910254.4,1.629,16.351,0.1746,0.4972537081829101,0.0086,0.9917,0.1462,0.3631,0.0762,-0.1313,0.1277,0.1302
1981,ACIW,1.0,-0.0161,0.59,2.1945,2.3104,2.1945,86089480.956,0.0,17.4475,0.3277,0.0,0.0,0.0,-0.0163,0.0,0.0,-0.0276,0.0735,0.1069
1983,PTCT,1.0,0.3052,-2.75,0.353,1.8966,0.353,398429633.16,10.2482,-62.6464,0.0453,0.0,0.0,0.0687,0.1768,0.0385,0.0938,0.0837,0.0199,-0.1767
1986,CSU,0.0,0.0044,-1.8,1.041,1.0712,1.041,157450950.0,57.1667,5.7683,0.0155,0.87273164283139,0.0,6.9068,0.0028,0.6331,-0.2874,-0.0299,-0.0299,-0.2097
1987,RRGB,1.0,0.1012,-0.49,0.3495,11.1122,0.3495,41535640.4,11.791,2.7458,0.0949,0.31907857877424,0.0,0.4709,0.0836,0.2443,0.0,0.0437,0.0268,0.0533
1992,APTS,1.0,0.1022,-1.08,0.7955,0.9056,0.7955,112024386.0,14.6341,3.9699,0.0079,0.39178243494404,0.0725,0.6508,0.0892,0.3136,0.0349,0.021,0.0412,0.0233
1995,YRCW,0.0,-0.2423,0.61,0.8197,0.7388,0.8197,35565300.0,0.0,0.4743,0.0137,0.0,0.0,0.0,-0.7351,0.0,0.0,-0.1232,-0.0844,-0.1069
2000,RPT,1.0,0.0965,0.13,1.5967,2.2799,1.5967,62216048.16,19.3846,9.0088,0.1853,0.056655831884496,0.0736,0.1463,0.0923,0.0674,0.1519,0.057,0.1033,0.0746
2002,SCVL,1.0,-0.2099,1.15,0.5944,2.5337,0.5944,43786038.24,0.0,9.1548,0.0367,0.4435366752108401,0.0135,0.9137,-0.2586,0.3481,0.0,0.019,0.0579,0.0266
2004,AFG,1.0,0.0563,5.95,1.0848,1.0433,1.0848,120227040.0,22.3684,3.8791,0.0178,0.7174989407089201,0.0492,2.5810000000000004,0.0636,0.5879,0.0,-0.0527,-0.0629,0.0291
2006,CYD,1.0,-0.0025,2.4631,0.3222,1.6899,0.3222,40900131.36,0.0,4.0921,0.0765,0.3625801590503401,0.0257,0.5857,-0.0026,0.3311,0.0,-0.0496,0.0482,0.0654
2009,CRESY,0.0,-0.1975,2.8987,1.3398,3.2704,1.3398,13252842.51,0.0,1.3021,-0.2153,0.38990453249486,0.001,0.6391,-0.6482,0.3729,0.0,-0.09,0.03,0.0
2011,MNR,1.0,0.0595,0.71,0.6057,7.1342,0.6057,3388437907.0,19.7674,15.4365,2.1322,0.0,0.0414,0.0,0.0627,0.0,-0.0366,0.0837,0.1218,0.0241
2017,VSAT,1.0,-0.2157,-1.15,0.5222,1.1247,0.5222,12316964.1,0.0,10.6546,0.1315,0.48692401387466,0.0,0.949,-0.1633,0.3162,0.0,0.0503,0.2033,0.0167
2019,ADMS,0.0,-0.0289,-4.87,0.7659,3.8671,0.7659,61614326.0,0.0,-2.2399,0.0,0.6330150068212801,0.0,1.7249,-0.0476,0.1151,0.0,-0.3176,-0.3972,0.0795
2022,CACI,1.0,-0.0047,12.23,0.8729,0.9206,0.8729,98209641.3,0.0,13.1109,0.1224,0.16211430722357,0.0,0.196,-0.0035,0.1527,0.0,0.1562,-0.0361,0.2221
2023,RMTI,0.0,-0.0301,-0.61,0.4689,1.8382,0.4689,12345598.08,0.0,-6.3061,0.1503,0.26413100898045,0.0,0.3589,-0.0273,0.1851,0.0,0.0571,0.096,0.0757
2025,ALKS,0.0,-0.0184,-0.9,0.1354,1.1568,0.1354,7188295.59,0.0,46.1855,0.0442,0.53497440576908,0.0,1.3046,-0.0142,0.425,0.0,0.0451,0.0057,-0.1086
2027,BOH,1.0,-0.1023,5.26,2.0101,1.5359,2.0101,10575757.44,0.0,8.8411,0.0019,0.063036153369095,0.0348,0.0673,-0.1718,0.0359,0.0,-0.1875,-0.0001,0.0
2029,LIQT,1.0,0.0775,-0.24,1.2981,2.3287,1.2981,141486619.8,15.6164,-25.5177,0.091,0.30125089815772,0.0,0.4389,0.0927,0.2451,0.3936,-0.0327,-0.0039,0.0
2032,DORM,0.0,0.0637,4.04,0.6191,2.3259,0.6191,22394939.76,13.2457,38.0841,0.062,0.4949818118860301,0.0,0.9983,0.0616,0.36,0.0,-0.0094,0.0117,0.1151
2046,OFG,1.0,0.0204,1.59,0.2873,0.8036,0.2873,88515826.08,44.0,6.3312,0.2285,0.60388568752248,0.0152,1.7066,0.0178,0.4835,-0.1678,0.0346,0.6289,0.1575
2047,GLT,1.0,-0.1165,-4.06,0.2275,0.0,0.2275,10504800.92,0.0,-71.7932,0.0748,0.40982686758576,0.0533,0.8833,-0.1179,0.3689,0.0,-0.1246,0.0316,0.0477
2048,PHG,1.0,0.6918,1.3563,5.8976,2.9061,5.8976,28202095.77,1.5756,15.6847,0.0531,0.0,0.0325,0.0,0.8078,0.0,0.0,-0.1537,0.2078,-0.4806
2050,HEES,1.0,-0.1872,2.15,2.2809,3.1192,2.2809,45770918.98,0.0,2.9517,0.0274,0.23058497145463,0.0539,0.4068,-0.1908,0.1901,0.0,-0.1036,-0.1027,-0.0424
2054,WCG,1.0,-2.3229,9.4,0.8509,0.7291,0.8509,28394341.92,0.0,42.3032,0.005,0.025835928087497,0.0,0.0265,-0.5373,0.0127,0.0,-0.1863,-0.3042,0.6642
2057,PTI,0.0,0.3862,-1.61,3.5714,3.362,3.5714,333131044.22,21.1603,-2.7067,0.0825,0.0,0.0,0.0,0.4179,0.0,0.0783,0.0364,0.047,0.1104
2061,EIGI,0.0,0.0812,0.03,0.5301,5.6567,0.5301,31973130.8,9.0204,5.2404,0.0296,0.22245313244144,0.0,0.3212,0.1162,0.2019,-0.0608,-0.0575,-0.0099,0.1671
2067,RYAM,0.0,-0.0393,2.27,0.5627,1.6752,0.5627,61507999.03,0.0,2.2021,-0.0019,0.0028023764152001,0.0263,0.0028,-0.0308,0.0013,0.0,0.071,0.121,-0.0048
2068,LOGI,1.0,0.0492,1.27,3.4588,0.0,3.4588,106882597.45,86.875,17.0243,0.1056,0.0014333056410163,0.0175,0.0019,0.0495,0.0015,0.0,0.0897,0.0,0.1014
2069,DCO,1.0,0.0187,0.79,2.5313,28.088,2.5313,58800000.0,74.5714,8.963,-0.0078,0.22499879238857,0.0,0.6389,0.0263,0.293,0.0,-0.1647,-0.1061,0.035
2071,FCPT,1.0,0.1571,1.29,1.3227,0.0,1.3227,1021302777.45,18.4596,21.9479,0.0546,0.37975302946101,0.0315,0.6123,0.1794,0.2568,0.0839,0.0293,0.0674,0.0511
2072,EBIX,0.0,0.064,2.97,0.7614,1.6231,0.7614,92461600.0,11.2121,14.8089,0.0374,0.0,0.006999999999999999,0.0,0.0652,0.0,0.0129,-0.0074,0.0605,0.4777
2073,ENBL,0.0,0.0855,0.0,1.4373,1.3046,1.4373,43966927.4,20.1538,6.3436,0.0367,0.0,0.094,0.062,0.0869,0.0286,0.2582,0.0969,0.0983,0.014
2083,HTGC,1.0,0.2145,0.83,7.8755,3.0171,7.8755,28854529490.15,19.4707,-4.2932,0.0446,0.62519138357057,0.114,2.3817,0.1567,7.4127,0.0,0.1348,0.1468,0.0538
2120,SMPL,1.0,0.2017,1.0,1.0645,1.0902,1.0645,11555477708.32,21.0854,20.5603,-2.5673,0.0,0.0,0.0,0.6505,0.0,0.0993,0.0719,0.1092,0.0
2125,ZBRA,1.0,0.2572,7.86,4.2810000000000015,0.7317,4.2810000000000015,5793911812.08,22.0515,10.9138,0.0792,0.010710808856645,0.0,0.0217,0.2303,0.0144,0.2129,0.038,-0.0473,0.033
2170,TPIC,0.0,0.1385,0.15,1.1709,3.7461,1.1709,2158289085.021,15.2963,-260.3676,0.0615,0.0,0.0,0.0383,0.0672,0.0256,0.2274,0.0161,0.1371,0.1495
2217,PMT,1.0,0.2938,2.09,2.425,23.5073,2.425,2648370981.32,23.6881,-1.9781,-0.0684,0.11211448237319,0.101,0.6399,0.0,0.2961,0.0,0.029,-0.0993,0.0
2273,SYNC,0.0,0.0045,-0.19,4.8797,0.4854,4.8797,137062032.8,332.5,28.0741,0.039,0.23482718683103,0.0,0.3814,-0.1677,0.2532,0.0,-0.0421,-0.0361,-0.073
2327,WASH,1.0,0.2919,3.95,1.7397,1.1661,1.7397,26487788907.54,33.052,9.9186,0.0531,0.57653778851989,0.037000000000000005,2.347,0.6151,0.5007,-0.0638,0.0582,0.0,0.0
2359,ZAGG,0.0,0.0391,1.4,0.938,4.7924,0.938,43374420000.0,145.5263,10.5119,0.0732,0.7856999849156,0.0,3.7369,0.0316,0.6295,-0.1672,0.0546,0.0368,-0.061
2431,FLIC,1.0,0.7295,1.64,0.6648,1.383,0.6648,5160785344.74,21.0769,8.5638,-0.0112,0.18591374611421,0.0236,0.2661,0.0209,0.1851,-0.0812,-0.0521,-0.1581,0.0746
2450,CTRN,1.0,-2.6014,1.04,4.0198,4.1266,4.0198,1725293728.8,0.0,7.0187,0.0355,0.21132920883844,0.0139,0.2998,-0.6944,0.155,0.0,0.0963,0.027000000000000003,0.3951
2492,DQ,1.0,-0.1554,3.0,0.5567,0.9502,0.5567,2478275547.48,0.0,3.2524,0.0862,0.8239721156326001,0.0,4.7983,-0.062,0.4426,0.0,-0.1025,0.1686,-0.0433
2495,SLP,1.0,-0.0667,0.52,1.1962,1.068,1.1962,2894048696.6,0.0,38.9851,0.0388,0.60068319173163,0.0115,1.5237,-0.0427,0.4217,0.0,0.064,0.0761,-0.0321
2503,DAKT,0.0,0.1409,0.13,0.5512,3.0437,0.5512,7296095887.43,10.202,13.1983,-0.04,0.7556870080909699,0.0311,3.5613,0.1574,0.5088,0.1119,0.1101,0.2472,-0.2822
2509,MOV,0.0,-0.053,-0.66,3.5962,1.87,3.5962,2140939631.12,0.0,12.8274,-0.021,0.34580598035703003,0.017,0.5286,-0.0346,0.2937,0.0,-0.0251,0.1122,0.0
2522,CRVS,1.0,-0.5231,-1.71,0.5339,2.3572,0.5339,603330675.36,0.0,-2.6219,-0.062,0.0,0.0,0.0,-0.1037,0.0,0.0,0.0676,-0.0303,-0.0266
2528,MMI,1.0,-2.2734,2.23,0.1414,3.8444,0.1414,113932646.1252,0.0,11.3107,0.0216,0.79532587526609,0.0,3.9661,-0.2722,0.6178,0.0,0.0333,-0.1061,-0.0585
2529,CR,1.0,0.2082,5.63,1.7986,1.071,1.7986,4040636469.32,8.961,10.3698,0.0324,0.52950452666065,0.0194,1.1379,0.1073,0.406,0.2763,-0.1517,0.0793,-0.1039
2530,CEQP,1.0,0.258,-0.13,5.0897,0.9249,5.0897,1826580474.72,19.4625,7.8382,-0.0382,0.0,0.086,0.0,0.1051,0.0,0.1036,0.08900000000000001,0.1826,0.0
2532,LNN,1.0,0.055,1.89,0.7476,1.9646,0.7476,159696640000.0,20.7143,30.3598,0.0193,0.44821613079681,0.0126,3.3244,0.0395,0.4882,-0.0785,0.027000000000000003,0.0925,0.0068
2534,SNDX,1.0,-0.1873,-2.92,2.4003,1.0486,2.4003,4226636169.0,0.0,-1.6127,0.0078,0.36992549794739,0.0,0.59,-0.0413,0.2588,0.0,-0.0065,0.0501,0.0004
2539,AGR,1.0,-0.1746,1.92,0.6564,7.1976,0.6564,444309634.56,0.0,8.6421,0.0044,0.15076294542494,0.0348,0.7809999999999999,-0.1319,0.2892,0.0,0.0379,0.0436,-0.0033
2544,PRSC,0.0,-1.5049,-1.95,1.6824,0.7312,1.6824,112726761.06,0.0,97.3432,0.0504,0.4771955584105701,0.0,0.9851,-0.5714,0.3648,0.0,-0.0585,0.0,0.08
2545,TKC,1.0,0.0301,0.4387,6.9573,1.2881,6.9573,14196080000.0,22.4078,3.2068,0.2707,0.30898434708028005,0.0162,0.6161,0.0358,0.2486,-0.1452,0.0935,0.0544,0.502
2547,CRK,1.0,-0.1458,-0.28,1.4727,1.009,1.4727,66042670000.0,0.0,2.327,0.816,0.2688671878861,0.0,0.3677,-0.1193,0.1574,0.0,0.017,0.0699,0.0787
2554,PBPB,0.0,-3.9515,-0.35,5.7765,0.7504,5.7765,4606899174.38,40.4238,6.4541,0.0052,0.30807311500381,0.0,0.4483,0.44,0.2291,0.1619,0.0723,0.0,-0.0304
2559,TTOO,0.0,-0.0656,-1.26,0.3535,0.7479,0.3535,89236727.25,0.0,-3.3025,0.0,0.0,0.0,0.0,-0.0272,0.0,0.0,0.0454,0.0603,-0.2038
2560,SAM,1.0,0.1028,7.9,7.7896,3.2391,7.7896,216872491.29,50.6923,17.1226,0.0436,0.17576859117791,0.0,0.2316,0.0834,0.1309,0.0,0.2843,0.2025,0.0624
2575,BGSF,1.0,-0.5836,1.83,3.8797,0.087,3.8797,184145553.68,0.0,11.3836,-0.6968,0.0,0.0557,0.0,-0.5904,0.0,0.0,0.016,0.1537,0.0
2578,OSIS,1.0,0.0462,-1.57,0.7485,5.3643,0.7485,356341972.42,5.3155,10.5808,0.0487,0.15644568291962,0.0,0.6027,0.0234,0.243,0.0111,0.0501,0.0774,0.1513
2583,LAUR,1.0,-0.1688,1.79,0.0955,1.7157,0.0955,75633600.0,0.0,8.6035,0.0184,0.14741894556627,0.0,0.2556,-0.1252,0.1295,0.0,0.0211,0.0596,-0.0451
2588,PVAC,0.0,-0.0263,14.93,0.6001,1.3915,0.6001,897391314.027,0.0,2.9945,0.009000000000000001,0.55100933362275,0.0,1.2272,-0.0158,0.3541,0.0,0.097,0.07200000000000001,-0.14400000000000002
2590,TNC,1.0,-6.002999999999999,1.86,0.4406,0.8814,0.4406,4536172.8,0.0,11.8106,-0.0303,0.42815565729235,0.0163,0.7799,-5.6949,0.3038,0.0,0.2146,-0.0963,-0.1258
2591,PNNT,1.0,-6.0844,0.68,1.1616,2.3176,1.1616,93446308.8,0.0,7.831,-0.3107,1.1546415708145,0.0961,-7.8445,-5.2219,0.8014,0.0,-0.0171,-0.1147,0.0
2596,SFE,1.0,-0.1127,-0.76,2.1395,1.1371,2.1395,181572719.96,0.0,-6.8361,-0.0438,0.57800027059938,0.0,1.3697,-0.1745,0.3794,0.0,0.0005,0.1488,-0.0689
2614,HSKA,1.0,0.0734,0.81,3.7999,0.9626,3.7999,267389436.16,28.8571,49.1785,-0.1863,0.0,0.0,0.0,0.0402,0.0,-0.0102,0.0784,0.1281,-0.0145
2622,CEI,0.0,0.1812,-359825.0,9.5193,1.5122,9.5193,303380012.59,23.5476,-0.4515,-0.0798,0.37193168528816,0.0,0.6079,0.1811,0.3047,-0.1362,-0.0952,-0.1031,-0.0058
2625,TRTN,1.0,-0.7142,4.38,2.5643,0.9476,2.5643,2102688.72,0.0,2.6689,-0.0566,0.40745571992869,0.0647,0.6876,-0.4176,0.358,0.0,-0.1682,0.0937,-0.0826
2626,NNBR,1.0,-0.6970000000000001,-8.35,20.6525,1.8178,20.6525,8868890.65,0.0,6.901,-0.2642,0.98260922427265,0.0417,56.5017,-0.6942,0.815,0.0,-0.2482,0.1119,0.0572
2631,NNA,1.0,-0.2294,-8.4,1.5458,1.1195,1.5458,122282448.0,0.0,-1.0915,-0.1037,0.42182251129051,0.2831,0.7537,-0.0631,0.3634,0.0,0.0275,0.0733,-0.0473
2690,IPHS,1.0,0.0607,1.84,9.2113,0.8037,9.2113,30644049324.0,24.4205,6.5369,0.0417,0.16743752703557002,0.0783,0.2092,0.7934,0.1257,0.0757,0.0667,0.2508,-0.0297
2694,RNR,1.0,0.2807,4.91,1.5683,1.2874,1.5683,2378552095.68,10.0561,4.4066,0.0303,0.86952120805373,0.0099,7.8193,0.27,0.5488,0.1437,0.0898,0.1273,0.0184
2791,AIMC,1.0,0.2308,0.93,2.6554,1.449,2.6554,25173330000.0,18.7039,13.9374,-0.1735,0.37389412269932,0.027000000000000003,0.5972,1.1124,0.3389,0.0868,0.0566,0.0322,-0.2247
3483,JOUT,1.0,-0.836,4.12,2.5037,0.0,2.5037,10278576.0,0.0,14.7748,-1.0507,0.0,0.0047,0.0094,-0.8447,0.0082,0.0,-0.1387,-0.1899,0.0
